,Coordinates,FairpricePoints,HosPoints,MallPoints,MRTPoints,ParksPoints,PriSchPoints,SecSchPoints,TertairyPoints,UniPoints,Area,Location_Type,floor_area_sqm,remaining_lease,Lease_Points,SQM_Points,Total_Points
0,"1.2736569, 103.806568",0.014556940829740588,0.10415677876682244,0.003362914923109465,0.013652911927304365,0.002429280154791074,0.010142157654523773,0.0,0.0,0.0,BUKIT MERAH,HDB 4 ROOM,105.0,92,0.05,0.035,0.23330098425629173
1,"1.2738632, 103.8390254",0.004164890038852866,0.14105770103412296,0.006293554786762818,0.010390950230024861,0.0010869024188676437,0.01686285398829428,0.0,0.0,0.0,BUKIT MERAH,HDB 5 ROOM,105.0,92,0.05,0.035,0.2648568524969255
2,"1.2744195, 103.8397293",0.0051982302133220405,0.17928095773294525,0.007365733165572102,0.011502524242490843,0.0012107675268800161,0.025626428352692653,0.0,0.0,0.0,BUKIT MERAH,HDB 5 ROOM,106.0,92,0.05,0.035,0.3151846412339029
3,"1.274708, 103.840528",0.006888403631223198,0.2181059004074905,0.008949432182619177,0.012569681515165389,0.001366905659912947,0.02815398756938969,0.0,0.0,0.0,BUKIT MERAH,HDB 5 ROOM,95.0,88,0.04,0.035,0.35103431096580084
4,"1.275306, 103.826904",0.0038315009024231872,0.05760401526964171,0.0,0.0,0.0010678766207084759,0.04374530455720038,0.007612148920866279,0.0,0.0,BUKIT MERAH,HDB 5 ROOM,95.0,92,0.05,0.035,0.19886084627084005
5,"1.27531455, 103.8392052",0.004738641071731558,0.189521431471688,0.006720589983961164,0.012086948879456562,0.0011651838735221784,0.042507308150514,0.0,0.0,0.0,BUKIT MERAH,HDB 5 ROOM,107.0,91,0.05,0.035,0.34174010343087347
6,"1.27556565, 103.8413075",0.22412481317643748,5.638276916518075,0.2325033941989981,0.3092636755148982,0.033681978091560656,0.5244748171726575,0.0,0.0,0.0,CENTRAL AREA,HDB 5 ROOM,95.0,92,0.05,0.035,7.047325594672626
7,"1.2758331, 103.8390179",0.004515814483204726,0.2123231180724246,0.006459102506557348,0.01255430575926323,0.0011488057653507426,0.041324873422410875,0.0,0.0,0.0,BUKIT MERAH,HDB 5 ROOM,94.0,87,0.04,0.035,0.35332602000921154
8,"1.2759757, 103.8412094",0.23603804906893344,6.7673948583276,0.25081950018230054,0.44024963194824174,0.03829651711659897,0.6488853540805605,0.0,0.0,0.0,CENTRAL AREA,HDB 5 ROOM,105.0,92,0.05,0.035,8.466683910724237
9,"1.2766102, 103.8411596",0.2133610001624426,7.65719890848987,0.29587395881314676,0.48929605001301624,0.06645252945700414,0.5997125019726627,0.0,0.0,0.0,CENTRAL AREA,HDB 5 ROOM,95.0,92,0.05,0.035,9.406894948908143
10,"1.2769187, 103.841496",0.18593360707115666,5.156226736821033,0.21044927465494867,0.4058315877178401,0.047449437066230137,0.3135883213391791,0.0,0.0,0.0,CENTRAL AREA,HDB 5 ROOM,88.0,55,0.025,0.025,6.369478964670387
11,"1.27743925, 103.8416672",0.2697167341350133,8.141718519393745,0.3855305820961712,0.6907278602222138,0.07828245475193457,0.4031805173265676,0.0,0.0,0.0,CENTRAL AREA,HDB 4 ROOM,107.0,92,0.05,0.035,10.054156667925648
12,"1.27779165, 103.8414036",0.2546562254055065,8.447306356454266,0.3913608634977684,0.7537477040667548,0.08298439158422212,0.41879562536744375,0.0,0.0,0.0,CENTRAL AREA,HDB 4 ROOM,88.0,48,0.02,0.025,10.393851166375962
13,"1.2778303, 103.8409528",0.217608123089034,8.099849192551176,0.3423043919829232,0.6807754992543606,0.07441214733661645,0.4260500147770078,0.0,0.0,0.0,CENTRAL AREA,HDB 5 ROOM,105.0,92,0.05,0.035,9.92599936899112
14,"1.2810987, 103.8299525",0.026319160395473145,0.46235163362952825,0.013030841011139294,0.018716464923296258,0.00459231215256537,0.06726638548189076,0.016266416878673647,0.0,0.0,BUKIT MERAH,HDB 5 ROOM,93.0,90,0.05,0.035,0.693543214472567
15,"1.28262025, 103.8282446",0.008947232747468756,0.15820590501006274,0.00494423118926608,0.007287769352071861,0.0016141488492796465,0.021955111241548964,0.008453983612518024,0.0,0.0,BUKIT MERAH,HDB 5 ROOM,107.0,92,0.05,0.035,0.2964083820022161
16,"1.28286315, 103.8295469",0.037198127845466625,0.7552554398517008,0.024055842515354826,0.04982357788590075,0.007142400419952881,0.06978677653331192,0.04199982773627707,0.0,0.0,BUKIT MERAH,HDB 5 ROOM,96.0,90,0.05,0.035,1.0702619927879649
17,"1.28293415, 103.8280155",0.008526404300449198,0.16574503145322134,0.005428926637636209,0.011100214054204088,0.0017350762216103266,0.02380245932400381,0.008632791646404143,0.0,0.0,BUKIT MERAH,HDB 5 ROOM,95.0,88,0.04,0.035,0.2999709036375291
18,"1.28300305, 103.827322",0.017088522450683957,0.35095844573893836,0.010884000290804205,0.016980752766939246,0.003806032700088818,0.06595232023955577,0.01814967460919404,0.0,0.0,BUKIT MERAH,HDB 5 ROOM,94.0,91,0.05,0.035,0.5688197487962044
19,"1.28340775, 103.8288892",0.014977195388662367,0.3255463349280455,0.012038572806048902,0.023405062953504568,0.003305000455249073,0.032744567538444486,0.01725298924918517,0.0,0.0,BUKIT MERAH,HDB 5 ROOM,105.0,92,0.05,0.035,0.5142697233191401
20,"1.28348045, 103.8270924",0.015841371997172,0.3762537227385998,0.01241284795260199,0.01996966085998362,0.004282521935775791,0.08138322153917332,0.018645277399894147,0.0,0.0,BUKIT MERAH,HDB 5 ROOM,95.0,88,0.04,0.035,0.6037886244232008
21,"1.28349635, 103.8260458",0.019322103426974116,0.4108967892438714,0.01074235901297366,0.018412563474450028,0.004837090136737061,0.11262438961943239,0.019932762557437166,0.0,0.0,BUKIT MERAH,HDB 5 ROOM,106.0,91,0.05,0.035,0.6817680574718759
22,"1.2836184, 103.8282827",0.022859019604119193,0.5213778298381591,0.020373971759278638,0.03906139451620007,0.0055585839538772755,0.07153048875726012,0.014503272922260004,0.0,0.0,BUKIT MERAH,HDB 5 ROOM,108.0,90,0.05,0.035,0.7802645613511545
23,"1.2837865, 103.830298",0.006351025234576984,0.18796119983453402,0.005296549867680048,0.01077391982014826,0.0014124611218812911,0.008483333809468026,0.009070895561044798,0.0,0.0,BUKIT MERAH,HDB 4 ROOM,95.0,88,0.04,0.035,0.3043493852493334
24,"1.2838767, 103.8306218",0.006114424413578127,0.20230385565251624,0.005043815633672932,0.013578068594143934,0.0013614946668783887,0.007899074010441669,0.009221036209747858,0.0,0.0,BUKIT MERAH,HDB 4 ROOM,88.0,55,0.025,0.025,0.29552176918097917
25,"1.28483305, 103.8264949",0.0072212492191325185,0.2867748939545331,0.008846371113246812,0.02074549027758892,0.0032693069553476036,0.05555264012339454,0.006644098540489992,0.0,0.0,BUKIT MERAH,HDB 5 ROOM,107.0,92,0.05,0.035,0.4740540501837335
26,"1.285221, 103.822593",0.06628814185574992,0.8216491014788548,0.01976723926469614,0.0563578710546751,0.01903798630129865,0.12303139092170347,0.049740997732866214,0.0,0.0,BUKIT MERAH,HDB 5 ROOM,96.0,88,0.04,0.035,1.2308727286098444
27,"1.2855981, 103.8256617",0.027784629456813995,0.660644512251811,0.02263166424866917,0.05764697981904188,0.016396605525629614,0.09468720521769661,0.024891494720035143,0.0,0.0,BUKIT MERAH,HDB 5 ROOM,106.0,91,0.05,0.035,0.9896830912396974
28,"1.285634, 103.8260893",0.018649676870282107,0.5761552807032115,0.018308628025778016,0.04918327331483684,0.009576721987637602,0.0639609919019445,0.015915136324990514,0.0,0.0,BUKIT MERAH,HDB 5 ROOM,93.0,89,0.05,0.035,0.8367497091286812
29,"1.2864563, 103.8312372",0.19619376046636236,5.298299344337357,0.27497750040562685,0.5660866640195581,0.08378981539629639,0.3702388474676579,0.36803633274447,0.0,0.0,BUKIT MERAH,HDB 5 ROOM,94.0,91,0.05,0.035,7.242622264837329
30,"1.2866077, 103.8213624",0.009256707267556227,0.10681909244159131,0.002724220356799257,0.009488434934702689,0.002599908529364877,0.01921574644562491,0.018948763081726182,0.0,0.0,BUKIT MERAH,HDB 4 ROOM,95.0,88,0.04,0.035,0.24405287305736545
31,"1.28680895, 103.8119242",0.03735289668836271,0.11199962781017131,0.014523765031824423,0.009612782951909172,0.0022200194778042534,0.021538934655360432,0.07279254444418921,0.0,0.0,BUKIT MERAH,HDB 5 ROOM,107.0,92,0.05,0.035,0.3550405710596215
32,"1.28741125, 103.8220512",0.035778583071290775,0.42823412218276896,0.01195574748526879,0.039108677347843096,0.01294589841967959,0.08136397852875209,0.07585019515091657,0.0,0.0,BUKIT MERAH,HDB 5 ROOM,88.0,52,0.025,0.025,0.7352372021865199
33,"1.28797955, 103.8219434",0.05354329069518468,0.6565995573370131,0.01724918856107746,0.05879047983925713,0.017872057463241074,0.1239915849793243,0.12882389729423743,0.0,0.0,BUKIT MERAH,HDB 5 ROOM,176.0,48,0.02,0.05,1.1268700561693352
34,"1.28798455, 103.816749",0.06208293108045881,0.3002105414682409,0.0,0.04864835420520484,0.0033271407977808177,0.05404172696860015,0.09392783751976078,0.0,0.0,BUKIT MERAH,HDB 5 ROOM,107.0,86,0.04,0.035,0.6372385320400463
35,"1.2880105, 103.816317",0.02521586630707366,0.1219564720397242,0.0,0.015883882783586645,0.0010529653578897756,0.01900257075399042,0.03216160353833818,0.0,0.0,BUKIT MERAH,HDB 5 ROOM,93.0,89,0.05,0.035,0.30027336078060285
36,"1.2881168, 103.8214942",0.017909060801851742,0.20485426940770682,0.0053483450101876875,0.019784391431489773,0.00515583553041004,0.04029707875221382,0.048155074441238996,0.0,0.0,BUKIT MERAH,HDB 4 ROOM,107.0,91,0.05,0.035,0.42650405537509894
37,"1.288482, 103.8159517",0.023515509899813436,0.4041781990687297,0.0,0.018956829943010334,0.0010026611233804766,0.017350838616696902,0.03364551854449811,0.0,0.0,BUKIT MERAH,HDB 5 ROOM,95.0,92,0.05,0.035,0.583649557196129
38,"1.2887526, 103.8168068",0.017189250055908774,0.1082204097129514,0.0,0.030096009494138484,0.0010992658613683487,0.01548260262997541,0.03277416790367394,0.0,0.0,BUKIT MERAH,HDB 5 ROOM,107.0,92,0.05,0.035,0.2898617056580164
39,"1.2892428, 103.8155442",0.018227398137387038,0.0,0.0,0.020936841790093315,0.0,0.014705841047553972,0.035932361220323145,0.0,0.0,BUKIT MERAH,HDB 5 ROOM,96.0,92,0.05,0.035,0.17480244219535748
40,"1.2893554, 103.8293362",0.006866935075821515,0.2004808354317302,0.008670130066385435,0.017624881588981983,0.0017598399492316633,0.016453388894056627,0.01060914384829132,0.0,0.0,BUKIT MERAH,HDB 4 ROOM,107.0,92,0.05,0.035,0.3474651548544987
41,"1.28939675, 103.8289208",0.03264913501482707,0.8920286185508061,0.03491185278068488,0.06899257223002289,0.007547467347933287,0.06811998034312812,0.04363714488235792,0.0,0.0,BUKIT MERAH,HDB 5 ROOM,107.0,88,0.04,0.035,1.22288677114976
42,"1.28970785, 103.8152855",0.016375475494435375,0.1394135830988647,0.0,0.01819231292427463,0.0,0.01340931070935214,0.03771520909870433,0.0,0.0,BUKIT MERAH,HDB 5 ROOM,107.0,92,0.05,0.035,0.31010589132563116
43,"1.2900801, 103.8293057",0.0070305206649326395,0.16826026181173104,0.00823480165711771,0.01706123799816172,0.0016480358816215652,0.01647190111788498,0.010444541653748939,0.0,0.0,BUKIT MERAH,HDB 4 ROOM,107.0,88,0.04,0.035,0.3041513007851986
44,"1.2901179, 103.8289816",0.04816270924185699,1.064951029835939,0.0490449799756084,0.09955254472939701,0.01034655820104396,0.10142993506099063,0.04007284457571242,0.0,0.0,BUKIT MERAH,HDB 5 ROOM,106.0,88,0.04,0.035,1.4885606016205484
45,"1.2922214, 103.8149705",0.010658530440518357,0.04599476146797897,0.0,0.008596584884391092,0.0,0.01011661933579789,0.0520289882947514,0.0,0.0,QUEENSTOWN,HDB 5 ROOM,105.0,92,0.05,0.035,0.21239548442343772
46,"1.2931142, 103.8113931",0.03782477491995822,0.1079139444403914,0.004471812891575334,0.00900425566150557,0.0,0.012244252011837129,0.04875325914843387,0.0,0.0,QUEENSTOWN,HDB 5 ROOM,96.0,91,0.05,0.035,0.3052122990737015
47,"1.2933132, 103.8082566",0.022997964709699795,0.09424058937232901,0.016554190692200054,0.02025582187622636,0.0,0.026205854513726312,0.0369704804479054,0.0,0.0,QUEENSTOWN,HDB 5 ROOM,96.0,88,0.04,0.035,0.2922249016120869
48,"1.2938117, 103.8078122",0.010522792824538954,0.03957521888924299,0.008032879323878814,0.013260079135224343,0.0,0.016240159738788864,0.017209495087930148,0.0,0.0,QUEENSTOWN,HDB 5 ROOM,93.0,88,0.04,0.035,0.17984062499960413
49,"1.29384705, 103.808765",0.01153578199135262,0.046468780164089105,0.007439264602859595,0.009267218448857832,0.0,0.015189918678365598,0.015900963902897,0.0,0.0,QUEENSTOWN,HDB 5 ROOM,106.0,90,0.05,0.035,0.19080192778842175
50,"1.2939101, 103.8045221",0.020292079959986498,0.09620963300059863,0.017982986525346484,0.03257600585940888,0.0,0.028337939247639454,0.02665913315242811,0.0,0.0,QUEENSTOWN,HDB 5 ROOM,107.0,92,0.05,0.035,0.3070577777454081
51,"1.29401925, 103.8082246",0.010635716492857262,0.03932757214648993,0.007595560219523456,0.011508565008239428,0.0,0.01759816386206951,0.014154061733445043,0.0,0.0,QUEENSTOWN,HDB 5 ROOM,105.0,89,0.05,0.035,0.18581963946262461
52,"1.2943763, 103.8044831",0.10336577672047667,0.4896268292483717,0.09178250813731392,0.19391435783454045,0.0,0.16400989796127807,0.14956847919942537,0.0,0.0,QUEENSTOWN,HDB EXECUTIVE,107.0,88,0.04,0.035,1.2672678491014062
53,"1.29438085, 103.8114222",0.014080643893991798,0.04773026708173863,0.0021113363160047242,0.008729770452109566,0.0,0.009123929744851803,0.04329379224907602,0.0,0.0,QUEENSTOWN,HDB 5 ROOM,94.0,91,0.05,0.035,0.21006973973777257
54,"1.29469995, 103.8092269",0.010655265228524391,0.033264668801901404,0.004615925894264468,0.008311219091995042,0.0,0.018735181580438718,0.02090557549889486,0.0,0.0,QUEENSTOWN,HDB 5 ROOM,107.0,92,0.05,0.035,0.1814878360960189
55,"1.2947919, 103.8082497",0.009678948364219191,0.031305909495747075,0.006922495700321983,0.01187906151780341,0.0,0.0276429624328634,0.018001923944167955,0.0,0.0,QUEENSTOWN,HDB 5 ROOM,94.0,91,0.05,0.035,0.19043130145512302
56,"1.29486925, 103.8049262",0.0337461322934049,0.19793610593311176,0.03872254610797017,0.12638254241245223,0.0,0.08380379244947593,0.07080757148519708,0.0,0.0,QUEENSTOWN,HDB EXECUTIVE,93.0,90,0.05,0.035,0.6363986906816121
57,"1.2949669, 103.803498",0.05276271300215341,0.34283914654096154,0.060512637198732774,0.08647755302424048,0.0,0.11500945656436508,0.05044979226576342,0.0,0.0,QUEENSTOWN,HDB EXECUTIVE,108.0,87,0.04,0.035,0.7830512985962168
58,"1.2950553, 103.8115993",0.06435843170814551,0.20946405832910003,0.0,0.058800346235066234,0.0,0.06484479481220065,0.2460354934666305,0.0,0.0,QUEENSTOWN,HDB 5 ROOM,95.0,88,0.04,0.035,0.718503124551143
59,"1.2951394, 103.8111487",0.03572231894035653,0.1568020013055852,0.008124345140413077,0.034545950281772785,0.0,0.0419972113845716,0.12296377206651223,0.0,0.0,QUEENSTOWN,HDB 5 ROOM,75.0,51,0.025,0.025,0.45015559911921144
60,"1.29535175, 103.8125908",0.039726257829402915,0.13564840540744053,0.0,0.039394872080855466,0.0,0.03748130827034121,0.19725843057759773,0.0,0.0,QUEENSTOWN,HDB 4 ROOM,95.0,88,0.04,0.035,0.5245092741656379
61,"1.29540805, 103.8121926",0.040345376224395206,0.13581709130954708,0.0,0.03991891285762008,0.0,0.0409088030531385,0.18099650472985732,0.0,0.0,QUEENSTOWN,HDB 5 ROOM,107.0,92,0.05,0.035,0.5229866881745582
62,"1.2954712, 103.8117891",0.01615987712996799,0.053821986275369466,0.0,0.01625351095758304,0.0,0.018038521016740843,0.06571091945643062,0.0,0.0,QUEENSTOWN,HDB 4 ROOM,107.0,92,0.05,0.035,0.2549848148360919
63,"1.2957434, 103.8104374",0.09684807356909657,0.4492516553209595,0.026391879966910177,0.11653869861071744,0.0,0.17892676499229324,0.3092969164800201,0.0,0.0,QUEENSTOWN,HDB 5 ROOM,107.0,88,0.04,0.035,1.2522539889399968
64,"1.29587985, 103.8094605",0.04848814702212414,0.1627429813537253,0.014946049097417452,0.05138732595209872,0.0,0.1546543528245598,0.16643729396456103,0.0,0.0,QUEENSTOWN,HDB 5 ROOM,107.0,88,0.04,0.035,0.6736561502144865
65,"1.302193692, 103.7965873",0.008693727997390113,0.18138581881652624,0.008377263868582339,0.0775914031373407,0.006303039692874177,0.033394874953077136,0.025699295480549236,0.0,0.0,QUEENSTOWN,HDB 5 ROOM,94.0,91,0.05,0.035,0.4264454239463399
66,"1.30495405, 103.7821704",0.03037118480583061,0.07017815581832988,0.005564447834003238,0.010441590861399655,0.0,0.0,0.03527478066353987,0.01481263532713336,0.011724659347008264,QUEENSTOWN,HDB 5 ROOM,96.0,91,0.05,0.035,0.26336745465724487
67,"1.30582635, 103.8552663",0.010246348002087732,0.0,0.030713508012419826,0.06976138506073026,0.0011609193303730397,0.0045194567248278495,0.0,0.013113195561798907,0.0,CENTRAL AREA,HDB EXECUTIVE,96.0,88,0.04,0.035,0.20451481269223765
68,"1.3061805, 103.7824266",0.017108091244071137,0.07230242596974687,0.0060099910174383105,0.01079571805027821,0.0,0.0,0.0261014133103824,0.014416221377234754,0.009705333883428275,QUEENSTOWN,HDB 5 ROOM,106.0,90,0.05,0.035,0.24143919485257995
69,"1.306295288, 103.7947153",0.0047514870282709945,0.0821385266225024,0.009530253721872531,0.015451723892082027,0.0015058786367161076,0.0041383942120559545,0.0,0.0,0.0,QUEENSTOWN,HDB 5 ROOM,107.0,92,0.05,0.035,0.20251626411350004
70,"1.3067757, 103.7972687",0.0033820107227034105,0.06811482091129101,0.00613675597039251,0.015105776069011291,0.0011044639035325944,0.004481056041469655,0.004583947302168305,0.0,0.0,QUEENSTOWN,HDB 5 ROOM,94.0,87,0.04,0.035,0.17790883092056878
71,"1.306836669, 103.7949123",0.010390945096546972,0.16080644531873017,0.01996301960300943,0.03126122766268252,0.0027597857573000042,0.0,0.0,0.0,0.0,QUEENSTOWN,HDB 5 ROOM,94.0,91,0.05,0.035,0.31018142343826915
72,"1.30702695, 103.8610374",0.0118560715391677,0.16728356758259252,0.013708456470365987,0.03371519905193205,0.001238605253589686,0.0,0.0,0.0,0.0,KALLANG/WHAMPOA,HDB 5 ROOM,107.0,91,0.05,0.035,0.31280189989764795
73,"1.3071048, 103.7836027",0.0157129770692168,0.09707619933528218,0.007482583238748945,0.011367252759293015,0.0,0.0,0.021384891708027227,0.013472529637637473,0.004694403403259683,QUEENSTOWN,HDB EXECUTIVE,93.0,88,0.04,0.035,0.24619083715146536
74,"1.3074551, 103.8827085",0.020756732826528394,0.13506499707232822,0.004322013589045887,0.06871258076391122,0.0,0.014426259684070413,0.01720638808002357,0.0,0.0,GEYLANG,HDB 5 ROOM,95.0,88,0.04,0.035,0.33548897201590766
75,"1.30780915, 103.8850135",0.0846931258251107,0.0,0.0,0.01993437765469629,0.0,0.005072502509416326,0.023451762540382864,0.0,0.0,GEYLANG,HDB 5 ROOM,107.0,88,0.04,0.035,0.20815176852960618
76,"1.30785825, 103.8888729",0.00893973062941888,0.10859218990436469,0.004373206245497242,0.10223203495391078,0.0,0.0,0.0715604727165154,0.0,0.0,GEYLANG,HDB 5 ROOM,107.0,92,0.05,0.035,0.38069763444970695
77,"1.3078658, 103.8885715",0.019322578470417653,0.24320042933940691,0.00857553423015086,0.19238761747896882,0.0,0.0,0.15065576790590393,0.0,0.0,GEYLANG,HDB 5 ROOM,93.0,88,0.04,0.035,0.6891419274248483
78,"1.308258354, 103.7965172",0.01344573640097239,0.2734246708847645,0.032884982460109,0.04879758671288928,0.003124759530501539,0.0,0.0,0.0,0.0,QUEENSTOWN,HDB 5 ROOM,107.0,92,0.05,0.035,0.4566777359892368
79,"1.30863865, 103.7842197",0.040631228749205585,0.17202368428670556,0.007969517550680271,0.008755984985067317,0.0,0.004273199454078388,0.01642821268224333,0.011711062979656784,0.0,QUEENSTOWN,HDB 4 ROOM,95.0,88,0.04,0.035,0.3367928906876372
80,"1.3087603, 103.7860889",0.03772870160328085,0.4304973932427088,0.024845228718712892,0.020069438256248233,0.0021054048905238334,0.008459032253723889,0.03000589215741884,0.020706868525301847,0.0,QUEENSTOWN,HDB 5 ROOM,105.0,92,0.05,0.035,0.6594179596479192
81,"1.30893615, 103.7850542",0.1271587897150953,0.6361310659017859,0.02782297263292483,0.02726325217507061,0.0,0.013219096506947688,0.04607266886821321,0.032596948423370006,0.0,QUEENSTOWN,HDB 5 ROOM,107.0,92,0.05,0.035,0.9952647942234076
82,"1.3092395, 103.7856974",0.06257751952577102,0.49494050554913516,0.031002746032610037,0.028356823555304497,0.0,0.01356375219088519,0.04320546831288889,0.030559946431858893,0.0,QUEENSTOWN,HDB 5 ROOM,94.0,91,0.05,0.035,0.7892067615984537
83,"1.309258332, 103.8826687",0.009184206661188741,0.09475293481348544,0.0,0.01729956438760108,0.0,0.007847008267697514,0.012012494265577912,0.0,0.0,GEYLANG,HDB 5 ROOM,107.0,88,0.04,0.035,0.2160962083955507
84,"1.30966795, 103.7713313",0.012362895575339167,0.15218982799179703,0.018454429143045667,0.014217412429597648,0.0,0.00963867801162171,0.07013596312433029,0.010531792717878848,0.008491308647486475,CLEMENTI,HDB 5 ROOM,107.0,88,0.04,0.035,0.3710223076410968
85,"1.3097105, 103.8835443",0.010146596802068579,0.12327152568880229,0.0,0.016710066919039333,0.0,0.00657300657444687,0.01324173793830958,0.0,0.0,GEYLANG,HDB 5 ROOM,95.0,92,0.05,0.035,0.25494293392266665
86,"1.30995105, 103.7925233",0.1576187296165018,0.4640770358552414,0.05213876199401476,0.05726862119346729,0.004277831422558152,0.0,0.0,0.0,0.0,QUEENSTOWN,HDB 5 ROOM,107.0,92,0.05,0.035,0.8203809800817835
87,"1.3100457, 103.7844896",0.05163325375216164,0.3193985781565193,0.021882427426181877,0.026279791286025415,0.0,0.015380639409408026,0.04070627923072051,0.03118089650560396,0.0,QUEENSTOWN,HDB 4 ROOM,107.0,92,0.05,0.035,0.5914618657666207
88,"1.31040465, 103.7918536",0.11876835544008854,0.7905931077379941,0.0868852607589721,0.09685011999041773,0.007189067265868047,0.0,0.0,0.0,0.0,QUEENSTOWN,HDB 5 ROOM,93.0,88,0.04,0.035,1.1752859111933405
89,"1.31104385, 103.7919526",0.01284390262123249,0.11513963623428138,0.011854836982665512,0.013068245063554121,0.0,0.0,0.0,0.0,0.0,QUEENSTOWN,HDB 4 ROOM,96.0,90,0.05,0.035,0.2379066209017335
90,"1.3119428, 103.7646163",0.10644550175345091,1.4121804892296619,0.6564881651197123,0.052375595523332014,0.0,0.14916062357810034,0.16429773940008757,0.0,0.0,CLEMENTI,HDB 5 ROOM,94.0,92,0.05,0.035,2.6259481146043453
91,"1.313214, 103.872453",0.06221905681287019,0.2333155567715818,0.0,0.03493019315276427,0.0024067164354728285,0.010514747263412706,0.0,0.0,0.0,KALLANG/WHAMPOA,HDB 5 ROOM,105.0,92,0.05,0.035,0.4283862704361018
92,"1.3145027, 103.7635208",0.060552310323851534,0.860627308702369,0.16454209322673624,0.07385900472532822,0.0,0.2588000055259147,0.16538155834100635,0.0,0.0,CLEMENTI,HDB 5 ROOM,107.0,92,0.05,0.035,1.668762280845206
93,"1.31507315, 103.8606315",0.006087943620276466,0.1279823715867271,0.0057439551721567995,0.017122025206863605,0.0,0.009099942565612305,0.0053963367756237135,0.0,0.0,KALLANG/WHAMPOA,HDB 4 ROOM,93.0,87,0.04,0.035,0.24643257492725998
94,"1.3155904, 103.8602099",0.011599745242253708,0.26547667987470325,0.011345780461432094,0.030373108904305154,0.0,0.01932978135281465,0.020055758856719716,0.0,0.0,KALLANG/WHAMPOA,HDB 4 ROOM,107.0,88,0.04,0.035,0.43318085469222856
95,"1.3159003, 103.8607782",0.005415019639035373,0.1289959742080556,0.005166905598918072,0.01534926200717318,0.0,0.010011836682294963,0.009921407822933145,0.0,0.0,KALLANG/WHAMPOA,HDB 4 ROOM,96.0,91,0.05,0.035,0.2598604059584103
96,"1.31605155, 103.8613309",0.06206262747282028,1.396037502891748,0.05784179277483114,0.18899582145687907,0.0,0.12191684422974122,0.11576867437794812,0.0,0.0,KALLANG/WHAMPOA,HDB 5 ROOM,95.0,88,0.04,0.035,2.0176232632039675
97,"1.31637345, 103.8859462",0.03243483335750513,0.5117422036799408,0.019550261195367395,0.03124533786329009,0.0,0.028367759412401147,0.02429009182427243,0.0,0.0,GEYLANG,HDB EXECUTIVE,107.0,88,0.04,0.035,0.722630487332777
98,"1.3164065, 103.8616261",0.043998606643702316,1.0471083192301078,0.0408351213672925,0.10861315945362073,0.0,0.09521555727345819,0.0876826825779041,0.0,0.0,KALLANG/WHAMPOA,HDB 5 ROOM,95.0,91,0.05,0.035,1.5084534465460855
99,"1.31641, 103.861165",0.034958198058128206,0.8650944569402076,0.033098407138797956,0.0814253382007423,0.0,0.07436761875575433,0.07081915023049057,0.0,0.0,KALLANG/WHAMPOA,HDB 5 ROOM,106.0,92,0.05,0.035,1.2447631693241208
100,"1.316577, 103.861017",0.009856636783512729,0.25033594233631057,0.009423539119411042,0.022298362095198032,0.0,0.02171771947713169,0.020821721356670916,0.0,0.0,KALLANG/WHAMPOA,HDB 5 ROOM,96.0,91,0.05,0.035,0.419453921168235
101,"1.316691, 103.861381",0.01914430349127087,0.49804570870411624,0.01806455751502726,0.044726664454635245,0.0,0.04392017954727383,0.040827078493029134,0.0,0.0,KALLANG/WHAMPOA,HDB 4 ROOM,105.0,89,0.05,0.035,0.7497284922053525
102,"1.31677585, 103.8618992",0.07870467643024417,2.0855890159580825,0.040228502856662136,0.1919447591933948,0.0,0.18778772367640578,0.16748235882716953,0.0,0.0,KALLANG/WHAMPOA,HDB 5 ROOM,95.0,88,0.04,0.035,2.826737036941959
103,"1.3174562, 103.7624183",0.005863472772988692,0.08252406174689936,0.012668703692473367,0.007091294729777495,0.0,0.04350437576271985,0.02336281783136227,0.0,0.0,CLEMENTI,HDB EXECUTIVE,108.0,87,0.04,0.035,0.25001472653622103
104,"1.3181764, 103.8969016",0.011069808561321599,0.07953797800397208,0.021844056282027822,0.007455878656279695,0.0,0.004247032385124268,0.004099865138602859,0.0,0.0,GEYLANG,HDB 5 ROOM,93.0,90,0.05,0.035,0.2132546190273283
105,"1.31895745, 103.7646364",0.010497402310951826,0.1695401481140541,0.02171090913099658,0.013319516170568443,0.0,0.06005879277001487,0.024941924387169596,0.0,0.0,CLEMENTI,HDB 5 ROOM,93.0,88,0.04,0.035,0.37506869288375544
106,"1.3190035, 103.7656918",0.022330254164385843,0.3598768195744268,0.042346788634214365,0.02655392242957986,0.0,0.11039365235328939,0.04558434776732406,0.0,0.0,CLEMENTI,HDB 5 ROOM,105.0,92,0.05,0.035,0.6920857849232204
107,"1.31948065, 103.7655268",0.020859573384667044,0.33542447597083547,0.038831819577089643,0.02383593176243645,0.0,0.10519287935562552,0.043466570950434685,0.0,0.0,CLEMENTI,HDB 5 ROOM,106.0,91,0.05,0.035,0.6526112510010889
108,"1.31953945, 103.7641388",0.019037801063289214,0.30674611780533473,0.03841992714062296,0.022852189969704773,0.0,0.12240872887697637,0.03215576686495943,0.0,0.0,CLEMENTI,HDB 5 ROOM,96.0,88,0.04,0.035,0.6166205317208876
109,"1.31965005, 103.7645293",0.028929063021488496,0.4652452097193248,0.05685803137735142,0.03406556373985816,0.0,0.1713969059690817,0.04521287467575827,0.0,0.0,CLEMENTI,HDB 5 ROOM,106.0,92,0.05,0.035,0.886707648502863
110,"1.31977, 103.8596402",0.005181737784453199,0.1453325738757502,0.002007835735742009,0.00695802097867946,0.0,0.018323099333522046,0.016413655946471477,0.0,0.0,KALLANG/WHAMPOA,HDB 5 ROOM,94.0,88,0.04,0.035,0.26921692365461836
111,"1.3198089, 103.8609535",0.0027209478664646314,0.1723170921087983,0.0,0.004150235709961346,0.0,0.016558001502637372,0.014374562543087568,0.0,0.0,KALLANG/WHAMPOA,HDB 5 ROOM,105.0,88,0.04,0.035,0.28512083973094915
112,"1.3199674, 103.7657478",0.04484711446280941,0.6768809330676682,0.0797708510186389,0.0482833527649196,0.0,0.21938243469099117,0.05610913006165291,0.0,0.0,CLEMENTI,HDB 5 ROOM,96.0,90,0.05,0.035,1.2102738160666802
113,"1.3201502, 103.8668455",0.005086354711394584,0.07263041793291179,0.0,0.008728902236915598,0.0,0.012859282964243253,0.004674424059837171,0.0,0.0,KALLANG/WHAMPOA,HDB 5 ROOM,95.0,92,0.05,0.035,0.18897938190530242
114,"1.3208015, 103.8602102",0.0033176174533718844,0.1338718964598059,0.0,0.0035098225062145105,0.0,0.019656565437444297,0.017247443527027586,0.0,0.0,KALLANG/WHAMPOA,HDB 4 ROOM,95.0,91,0.05,0.035,0.2626033453838642
115,"1.321301, 103.8605691",0.0065828854782856655,0.29842848782271203,0.0,0.006712489322270384,0.0,0.038947719879791814,0.03618842445696605,0.0,0.0,KALLANG/WHAMPOA,HDB 4 ROOM,93.0,92,0.05,0.035,0.47186000696002595
116,"1.32178925, 103.9364139",0.006027009565811273,0.12931217700492062,0.008141705206337845,0.0041058896288719855,0.0,0.013456484385875014,0.004662969036425755,0.009317286690022696,0.0,BEDOK,HDB EXECUTIVE,93.0,87,0.04,0.035,0.25002352151826523
117,"1.32195385, 103.8587406",0.014359527853819725,0.21687286454157173,0.0,0.0,0.0,0.07005901293816189,0.041381344902143846,0.0,0.0,KALLANG/WHAMPOA,HDB EXECUTIVE,94.0,92,0.05,0.035,0.4276727502356972
118,"1.32243025, 103.936223",0.006346537908293898,0.1390410251006676,0.008827605780616537,0.004350667991812371,0.0,0.019816001450326103,0.004687266478445606,0.008166679423983091,0.0,BEDOK,HDB EXECUTIVE,108.0,87,0.04,0.035,0.2662357841341452
119,"1.3229285, 103.8660206",0.011436701046514232,0.23837880746790713,0.00600260730888181,0.022717008647471858,0.0,0.12085859033722729,0.031975075373155935,0.0,0.0,KALLANG/WHAMPOA,HDB EXECUTIVE,93.0,89,0.05,0.035,0.5163687901811582
120,"1.32294575, 103.7692174",0.0022140191771062,0.055943717238933335,0.0,0.003031573524507755,0.0,0.009685713552423321,0.0,0.0,0.0,CLEMENTI,HDB EXECUTIVE,95.0,92,0.05,0.035,0.1558750234929706
121,"1.32321315, 103.7710863",0.0022031267151040616,0.06060472557820984,0.0,0.0,0.0,0.00469182192215273,0.0,0.0,0.0,CLEMENTI,HDB EXECUTIVE,95.0,88,0.04,0.035,0.14249967421546664
122,"1.32329165, 103.8662501",0.011521135261383143,0.267335113913153,0.006290788407440075,0.023464195368477277,0.0,0.09586049886966395,0.032151360409411245,0.0,0.0,KALLANG/WHAMPOA,HDB EXECUTIVE,93.0,91,0.05,0.035,0.5216230922295287
123,"1.32332005, 103.7697692",0.0021459962362261873,0.05580211689543815,0.0,0.0,0.0,0.009002982170299037,0.0,0.0,0.0,CLEMENTI,HDB EXECUTIVE,107.0,92,0.05,0.035,0.15195109530196338
124,"1.3237269, 103.771246",0.00414504352442033,0.09255979916921023,0.0,0.0,0.0,0.008773323988541939,0.0,0.0,0.0,CLEMENTI,HDB EXECUTIVE,94.0,92,0.05,0.035,0.19047816668217252
125,"1.32392005, 103.770548",0.0020232958089194037,0.0444973019541727,0.0,0.0,0.0,0.0044311899622087765,0.0,0.0,0.0,CLEMENTI,HDB 5 ROOM,94.0,91,0.05,0.035,0.1359517877253009
126,"1.3247023, 103.9099232",0.012862961306556654,0.04920985279117088,0.0,0.009934958831630997,0.0,0.016585982609574786,0.004139170629717107,0.0,0.0,BEDOK,HDB EXECUTIVE,93.0,90,0.05,0.035,0.1777329261686504
127,"1.3247048, 103.9238311",0.047307112237025765,0.07775128592796714,0.008465466364959994,0.0041994230113818025,0.0,0.01579455172177802,0.019810217745800253,0.0,0.0,BEDOK,HDB EXECUTIVE,96.0,92,0.05,0.035,0.2583280570089129
128,"1.3270424, 103.8565953",0.01105116957769447,0.06847281083436055,0.0,0.0037497224581654765,0.0,0.006735006293493666,0.012434356107053145,0.0,0.0,KALLANG/WHAMPOA,HDB 3 ROOM,107.0,87,0.04,0.035,0.1774430652707673
129,"1.3271959, 103.856112",0.011344593140699652,0.0713226057924725,0.002012504680670576,0.004019834421888162,0.001017968906772526,0.006429898477719905,0.011633857922125835,0.0,0.0,KALLANG/WHAMPOA,HDB 3 ROOM,96.0,91,0.05,0.035,0.19278126334234916
130,"1.32769355, 103.856207",0.010557292363892353,0.0796937866856521,0.002049261394206863,0.004141817192986388,0.001029175905917051,0.005940030620860929,0.01108638028978873,0.0,0.0,KALLANG/WHAMPOA,HDB 3 ROOM,93.0,88,0.04,0.035,0.18949774445330442
131,"1.3277175, 103.8560362",0.010692450926388836,0.07949059906662803,0.002087828500861448,0.004244406641373029,0.0010494108295323798,0.005879151673117168,0.010893800195238865,0.0,0.0,KALLANG/WHAMPOA,HDB 3 ROOM,107.0,88,0.04,0.035,0.18933764783313975
132,"1.3281288, 103.8555041",0.010720288319901627,0.07840960863279284,0.004285565549374291,0.004743776556507806,0.0011340086644255792,0.005401180265647188,0.009979784101430583,0.0,0.0,KALLANG/WHAMPOA,HDB EXECUTIVE,94.0,91,0.05,0.035,0.1996742120900799
133,"1.32823495, 103.8579813",0.00834780034741122,0.06854123185852579,0.0,0.003431507788800343,0.0,0.010161361027416941,0.012148804292924052,0.0,0.0,KALLANG/WHAMPOA,HDB 3 ROOM,93.0,90,0.05,0.035,0.18763070531507833
134,"1.32837265, 103.8540294",0.02375117382111158,0.1786535221764196,0.010314466859637229,0.01242602386535653,0.0027836421123973113,0.017711733949781615,0.009548807921262344,0.0,0.0,KALLANG/WHAMPOA,HDB EXECUTIVE,105.0,89,0.05,0.035,0.3401893707059662
135,"1.3304629, 103.905216",0.0020359791947368077,0.0465141375613625,0.0,0.004630617778438213,0.0,0.0207881339281015,0.007910978675054154,0.0,0.0,BEDOK,HDB EXECUTIVE,105.0,92,0.05,0.035,0.1668798471376932
136,"1.33260935, 103.8573147",0.007845462096872417,0.08438004075525732,0.0020167113171975144,0.003960322489291573,0.0,0.01659078909493157,0.008152746632404643,0.0,0.0,TOA PAYOH,HDB EXECUTIVE,94.0,88,0.04,0.035,0.19794607238595505
137,"1.333255, 103.846161",0.011024221722867373,0.7196211721572259,0.03511691442798888,0.03589074829414495,0.008571181346028254,0.07005667921512151,0.03207678264776457,0.0,0.0,TOA PAYOH,HDB 5 ROOM,94.0,88,0.04,0.035,0.9873576998111415
138,"1.333674, 103.845687",0.01641422393891795,1.2165297336163867,0.051067317133345884,0.0582830287502775,0.011936225244903323,0.1445292168515055,0.059731830844609,0.0,0.0,TOA PAYOH,HDB 5 ROOM,96.0,91,0.05,0.035,1.643491576379946
139,"1.333722, 103.845233",0.0030370232949794122,0.24365777385144785,0.009611441243450598,0.011406194567709804,0.0021951241251059995,0.030236772643140793,0.013800939870248736,0.0,0.0,TOA PAYOH,HDB 5 ROOM,107.0,92,0.05,0.035,0.3989452695960831
140,"1.334172, 103.845894",0.006559843418188547,0.5340753590193486,0.01934465175402149,0.023720016942135255,0.004429615341277761,0.05871992294138212,0.021186808530471606,0.0,0.0,TOA PAYOH,HDB 5 ROOM,107.0,88,0.04,0.035,0.7430362179468252
141,"1.3343647, 103.8653267",0.014162892040089681,0.13207665741634061,0.008467670774349933,0.019477073566250287,0.0,0.02492695842818729,0.029493120351923106,0.016444087860027063,0.0,TOA PAYOH,HDB EXECUTIVE,107.0,88,0.04,0.035,0.32004846043716795
142,"1.33461305, 103.8485762",0.014899663840576045,1.3969221606241213,0.025907016841621895,0.03369760892731222,0.006821271454274245,0.07161862491080372,0.03121915615612464,0.0,0.0,TOA PAYOH,HDB 5 ROOM,107.0,92,0.05,0.035,1.666085502754834
143,"1.334661, 103.845363",0.002911159314036673,0.2473329009829305,0.006602308275616462,0.01169125032554326,0.0018900850083871884,0.030790073554453873,0.01542675351838569,0.0,0.0,TOA PAYOH,HDB 5 ROOM,96.0,91,0.05,0.035,0.4016445309793536
144,"1.33472135, 103.8655948",0.006855063585145923,0.0563166515715854,0.004178025361220777,0.009923420633838836,0.0,0.010994370360035947,0.013987477030009812,0.008325582148908264,0.0,TOA PAYOH,HDB EXECUTIVE,94.0,89,0.05,0.035,0.19558059069074496
145,"1.3347841, 103.8658706",0.007139416236641119,0.05821337999056704,0.004312403590703445,0.01025507580418597,0.0,0.010623278817952459,0.014032976193140824,0.008714107139965304,0.0,TOA PAYOH,HDB EXECUTIVE,95.0,88,0.04,0.035,0.18829063777315616
146,"1.33495375, 103.8652624",0.00798814267491755,0.06819927897715339,0.0038251815514498107,0.009408747508619761,0.0,0.010366643265344208,0.009117846732911081,0.00761166036797521,0.0,TOA PAYOH,HDB EXECUTIVE,93.0,87,0.04,0.035,0.19151750107837104
147,"1.335217, 103.846142",0.0030943873044489696,0.2840789437036194,0.006551116066314417,0.012111113128883395,0.0018413578545222445,0.028917377841228917,0.017010235021999793,0.0,0.0,TOA PAYOH,HDB 5 ROOM,93.0,92,0.05,0.035,0.43860453092101714
148,"1.3353046, 103.8654959",0.017079888987676494,0.1885932446990717,0.011215856710206678,0.02868003721865623,0.0,0.028119748184036154,0.03763914213888782,0.022766108795894448,0.0,TOA PAYOH,HDB EXECUTIVE,107.0,88,0.04,0.035,0.4090940267344295
149,"1.3354678, 103.8651772",0.007261003481253124,0.06070292168260637,0.0034991349513002782,0.009135350893104103,0.0,0.009036283118487216,0.008055400994819524,0.0070643496473769924,0.0,TOA PAYOH,HDB EXECUTIVE,95.0,88,0.04,0.035,0.1797544447689476
150,"1.335606, 103.85002",0.006956694189462797,0.28209582956863777,0.004334802374550132,0.012071236034876292,0.0016951134126700473,0.027528182706899367,0.010112157635143173,0.0,0.0,TOA PAYOH,HDB 5 ROOM,106.0,91,0.05,0.035,0.42979401592223965
151,"1.3356302, 103.8658411",0.01095917134491923,0.11748070790898311,0.011390518260457564,0.0197315850322283,0.0,0.01709326125631805,0.024298981541996157,0.015329106558800532,0.0,TOA PAYOH,HDB 5 ROOM,94.0,87,0.04,0.035,0.2912833319037029
152,"1.335767, 103.847688",0.003542421069375968,0.35534386511775873,0.006480572788463786,0.013087274049737828,0.0017715067730109978,0.03838494255000076,0.015290166860494742,0.0,0.0,TOA PAYOH,HDB 5 ROOM,108.0,87,0.04,0.035,0.5089007492088428
153,"1.33577, 103.846773",0.003160646317609008,0.3209571979251688,0.006222673813600198,0.012489974903821671,0.0017240658012507505,0.03651604315678199,0.016117150996616945,0.0,0.0,TOA PAYOH,HDB 5 ROOM,108.0,87,0.04,0.035,0.47218775291484927
154,"1.336258, 103.844796",0.035908302207556995,3.8562194334917805,0.046722089010448144,0.17992653318824448,0.021028769986799038,0.41633848882999497,0.21085881787509758,0.0,0.0,TOA PAYOH,HDB 5 ROOM,93.0,92,0.05,0.035,4.852002434589921
155,"1.336272, 103.845503",0.020650370616936583,2.1874847327690494,0.026798521162909487,0.09639225008720392,0.011783490534669904,0.24440710058642628,0.13820519049541088,0.0,0.0,TOA PAYOH,HDB 5 ROOM,107.0,91,0.05,0.035,2.8107216562526065
156,"1.336275, 103.843925",0.030566643630302284,3.131992172454762,0.03952518585495874,0.17099696951917137,0.018234230181643343,0.3711415651713622,0.20898077016127747,0.0,0.0,TOA PAYOH,HDB 5 ROOM,95.0,88,0.04,0.035,4.046437536973477
157,"1.336712, 103.845592",0.03249962521718565,3.937267868988971,0.041034000036922647,0.15767655907257727,0.018052897976970506,0.4149178223599092,0.2218449591723935,0.0,0.0,TOA PAYOH,HDB 5 ROOM,107.0,92,0.05,0.035,4.908293732824929
158,"1.336714, 103.843992",0.038398902550151534,4.318972591346276,0.04873323210863343,0.22211358883911217,0.02240032434602522,0.4688990668215914,0.2572571023121795,0.0,0.0,TOA PAYOH,HDB 5 ROOM,75.0,54,0.025,0.025,5.4267748083239695
159,"1.33785645, 103.7441196",0.003397381586908028,0.09249161433848407,0.015839943514709364,0.005303484457813352,0.0,0.010673254008221124,0.00591529478392418,0.0,0.0,JURONG EAST,HDB EXECUTIVE,106.0,92,0.05,0.035,0.21862097269006012
160,"1.3378836, 103.7466203",0.004930980888009326,0.13550397262183383,0.02879075488754158,0.008374702351454339,0.0,0.009521219410542977,0.010229932707713475,0.0,0.0,JURONG EAST,HDB EXECUTIVE,107.0,86,0.04,0.035,0.27235156286709555
161,"1.337998, 103.7449941",0.0029802185237157537,0.08063946176017281,0.015142076474117624,0.004830192281177661,0.0,0.009821978319034147,0.005806881981064043,0.0,0.0,JURONG EAST,HDB EXECUTIVE,95.0,92,0.05,0.035,0.20422080933928205
162,"1.33834445, 103.7444535",0.010132605155775565,0.17241524195975083,0.02872823532360858,0.009526585653468827,0.0,0.021311658055249004,0.012637482349185518,0.0,0.0,JURONG EAST,HDB EXECUTIVE,107.0,88,0.04,0.035,0.32975180849703833
163,"1.338514, 103.847747",0.0024278540133167866,0.2578093351170259,0.002654122062074493,0.013972887760476288,0.0011503082195258442,0.04653372854711205,0.022389155437799513,0.0,0.0,TOA PAYOH,HDB 5 ROOM,96.0,91,0.05,0.035,0.4319373911573309
164,"1.338738, 103.847264",0.00229990298141972,0.2635842952675501,0.002546443400363276,0.013319700610539286,0.0011141790734600391,0.043718851471716585,0.026791011532652106,0.0,0.0,TOA PAYOH,HDB EXECUTIVE,95.0,88,0.04,0.035,0.42837438433770114
165,"1.33879, 103.846872",0.004467606726213191,0.5604255062273723,0.005003585478450224,0.02575787232138671,0.002202001831634913,0.06855860907056914,0.05384007871587704,0.0,0.0,TOA PAYOH,HDB EXECUTIVE,93.0,88,0.04,0.035,0.7952552603715035
166,"1.339134, 103.846198",0.0020691647365195446,0.305451077424987,0.0023378419406895005,0.009349276470850348,0.0010427816256251665,0.030204382135449404,0.027726585150472098,0.0,0.0,TOA PAYOH,HDB 5 ROOM,94.0,92,0.05,0.035,0.463181109484593
167,"1.339155, 103.84758",0.004462268775047827,0.507954717008551,0.004840210956152945,0.02758241664815019,0.002124694691590362,0.07966734556071088,0.05540048333091726,0.0,0.0,TOA PAYOH,HDB EXECUTIVE,96.0,92,0.05,0.035,0.7670321369711206
168,"1.339753, 103.847263",0.006176165934103925,0.7411009043350743,0.006689507919801615,0.030829313225712064,0.0,0.10873107192286041,0.08720481435208632,0.0,0.0,TOA PAYOH,HDB EXECUTIVE,106.0,92,0.05,0.035,1.0657317776896384
169,"1.340434, 103.852178",0.022571051658060698,0.6164071666754355,0.0,0.07098166745812458,0.0,0.08781074929754389,0.10221737201801948,0.0,0.0,TOA PAYOH,HDB EXECUTIVE,93.0,88,0.04,0.035,0.9749880071071843
170,"1.34081, 103.850815",0.004922061026007649,0.2131977962320954,0.0,0.02627587846477688,0.0,0.02699886411936758,0.038212297715064694,0.0,0.0,TOA PAYOH,HDB EXECUTIVE,107.0,88,0.04,0.035,0.38460689755731214
171,"1.34351825, 103.759251",0.007397143626859762,0.17512884926347852,0.0,0.0,0.0025617404906993864,0.03298799976626611,0.07419253319217473,0.0,0.0,BUKIT BATOK,HDB EXECUTIVE,93.0,87,0.04,0.035,0.3672682663394785
172,"1.34456145, 103.8512803",0.012209104633289045,0.27767630122095754,0.0055011397894417025,0.019211157784356097,0.0,0.071521914363936,0.10696742691401208,0.0,0.0,BISHAN,HDB EXECUTIVE,96.0,92,0.05,0.035,0.5780870447059926
173,"1.3446019, 103.7606773",0.00368616672138081,0.0343495663342141,0.0,0.0,0.0017118993238953986,0.013255442949634669,0.022027448146626032,0.0,0.0,BUKIT BATOK,HDB EXECUTIVE,107.0,92,0.05,0.035,0.160030523475751
174,"1.34485265, 103.8483917",0.004348658184684046,0.15263421599683435,0.0031294387575225542,0.009245477672281552,0.0,0.040974710237594365,0.04871738749254603,0.0,0.0,BISHAN,HDB EXECUTIVE,107.0,87,0.04,0.035,0.3340498883414629
175,"1.34513835, 103.8479797",0.0044775176743764265,0.15229745288198965,0.0032676819810814653,0.009128809603409149,0.0,0.033356453321104845,0.044113776177355735,0.0,0.0,BISHAN,HDB EXECUTIVE,93.0,88,0.04,0.035,0.3216416916393172
176,"1.3455328, 103.852133",0.012945063648270815,0.2880511587333892,0.005910515658875079,0.01757011090474165,0.0,0.05208773763480233,0.07105604451525756,0.0,0.0,BISHAN,HDB EXECUTIVE,107.0,86,0.04,0.035,0.5226206310953366
177,"1.3460976, 103.8504651",0.006379031865981457,0.16749003636910187,0.003739592605173018,0.009453732294109497,0.0,0.04092185462498166,0.047436220431822426,0.0,0.0,BISHAN,HDB EXECUTIVE,95.0,92,0.05,0.035,0.3604204681911699
178,"1.3470286, 103.8499883",0.009994458485503994,0.23391839485677918,0.004769029969927253,0.010159981719748846,0.0,0.03584612339583,0.03835516273205241,0.0,0.0,BISHAN,HDB EXECUTIVE,93.0,89,0.05,0.035,0.4180431511598417
179,"1.34734, 103.8541587",0.007584860906605028,0.2524988145315235,0.005698282216562742,0.014511019639916195,0.0,0.06780758974400523,0.047026064407417245,0.0,0.0,BISHAN,HDB EXECUTIVE,95.0,88,0.04,0.035,0.47012663144602995
180,"1.3473414, 103.8504933",0.02136631880866444,0.49537713963306185,0.00975280514483704,0.020141885170054396,0.0,0.05950731688178944,0.07193440667306511,0.0,0.0,BISHAN,HDB EXECUTIVE,93.0,90,0.05,0.035,0.7630798723114723
181,"1.34762545, 103.8559811",0.0027916382622647615,0.10274310562164407,0.0023006485500046622,0.006264494748691821,0.0,0.0352531694926688,0.02098251634445839,0.0,0.0,BISHAN,HDB EXECUTIVE,105.0,89,0.05,0.035,0.25533557301973253
182,"1.34776405, 103.8542586",0.011413490416438795,0.34888831969365885,0.008711243160120744,0.021449429173745357,0.0,0.11369389321344367,0.07222346935310181,0.0,0.0,BISHAN,HDB EXECUTIVE,105.0,89,0.05,0.035,0.6613798450105094
183,"1.34814725, 103.8755858",0.0023620648779375,0.06141052148522805,0.007120563431545884,0.013320106495466544,0.0030261907813308245,0.010387220062266467,0.04349723379030408,0.0,0.0,SERANGOON,HDB EXECUTIVE,94.0,91,0.05,0.035,0.22612390092407933
184,"1.3486161, 103.8518466",0.01627852984484643,0.27309845985293957,0.009786962357699108,0.01877417069708468,0.0,0.04110815379477435,0.05603952052827879,0.0,0.0,BISHAN,HDB EXECUTIVE,96.0,88,0.04,0.035,0.49008579707562294
185,"1.34940615, 103.852287",0.033153097530199155,0.5429259734099587,0.024086387647197907,0.031065778183289247,0.0,0.10382971886344372,0.14288507927298386,0.0,0.0,BISHAN,HDB EXECUTIVE,95.0,92,0.05,0.035,0.9629460349070728
186,"1.3496877, 103.875243",0.008648120527020839,0.2541884891685441,0.025727645815196293,0.05361152725192176,0.0061763219903672815,0.02878574214738485,0.08669863316323173,0.012390330150795806,0.0,SERANGOON,HDB EXECUTIVE,93.0,87,0.04,0.035,0.5512268102144627
187,"1.3497022, 103.8513507",0.04652489632615857,0.5909448278432758,0.032676878563911556,0.040138206334879245,0.0,0.11118359752104362,0.15329649089832043,0.0,0.0,BISHAN,HDB EXECUTIVE,94.0,91,0.05,0.035,1.059764897487589
188,"1.3505662, 103.8520485",0.01204541576677714,0.19033639187329857,0.010891089209940025,0.013899308132493396,0.0,0.04379260376415464,0.0636186055941291,0.0,0.0,BISHAN,HDB EXECUTIVE,93.0,92,0.05,0.035,0.4195834143407928
189,"1.3512899, 103.8677907",0.008759537565857685,0.1613767187786702,0.011725017337063484,0.023053647365837156,0.0,0.05718931319888304,0.05035155489050166,0.059547754050305914,0.0,SERANGOON,HDB EXECUTIVE,96.0,90,0.05,0.035,0.4570035431871191
190,"1.3515453, 103.9448318",0.02047633911206539,0.19086418704319133,0.04129084866705717,0.014878829762739316,0.0012248322930198514,0.05971461160286086,0.028101364495987345,0.0,0.0,TAMPINES,HDB EXECUTIVE,107.0,88,0.04,0.035,0.4315510129769212
191,"1.351601, 103.8684478",0.005259135186687102,0.0902249170425945,0.006360185556250111,0.011059079816316077,0.0,0.026976613511381753,0.025535166113735207,0.01865598016597736,0.0,SERANGOON,HDB EXECUTIVE,95.0,88,0.04,0.035,0.2590710773929421
192,"1.35218925, 103.9388144",0.013881844874441275,0.15864784416827513,0.014658549311846045,0.008602666403600419,0.0010941514787098777,0.036659463232836226,0.025699472750833147,0.0,0.0,TAMPINES,HDB EXECUTIVE,107.0,92,0.05,0.035,0.344243992220542
193,"1.3525743, 103.8681187",0.01752117196180817,0.27344863824875254,0.011157029128252382,0.03228769050179456,0.0,0.07451876725066496,0.054964327269876226,0.04923433385065626,0.0,SERANGOON,HDB EXECUTIVE,96.0,92,0.05,0.035,0.5981319582118052
194,"1.3529683, 103.8675894",0.010571091455623863,0.1930735563760878,0.006565760136320297,0.021826772638846526,0.0,0.04950798833924308,0.034207041269934096,0.03241987178735949,0.0,SERANGOON,HDB EXECUTIVE,93.0,90,0.05,0.035,0.43317208200341517
195,"1.3538152, 103.8478793",0.006745203733321615,0.060242966326927924,0.005385320817896349,0.008895634572582911,0.0012175686047886615,0.020399888920038856,0.02759119060563454,0.0,0.0,BISHAN,HDB 5 ROOM,106.0,92,0.05,0.035,0.21547777358119088
196,"1.3539339, 103.8680585",0.013071696903482598,0.36188685561952044,0.006476295042526406,0.01935460361081397,0.0,0.047832343626056234,0.03317125103397837,0.02185045244609997,0.0,SERANGOON,HDB EXECUTIVE,93.0,92,0.05,0.035,0.5886434982824781
197,"1.3542732, 103.9378997",0.020591939892953222,0.15337515316896103,0.01834408236924015,0.007129628839914341,0.0012225032013846563,0.030541511127441086,0.02099265204472859,0.0,0.0,TAMPINES,HDB EXECUTIVE,107.0,88,0.04,0.035,0.327197470644623
198,"1.35433855, 103.8684271",0.03756496867980437,0.6556411850792183,0.01630286718595723,0.04577227287129451,0.0,0.11794910937593131,0.08336047121464107,0.04707887398688515,0.0,SERANGOON,HDB EXECUTIVE,107.0,92,0.05,0.035,1.0886697483937318
199,"1.35437345, 103.8690573",0.04054163191049155,0.474580296624422,0.014151214280293709,0.03586760049346065,0.0,0.09156587844933047,0.06834059456142363,0.03439768542661897,0.0,SERANGOON,HDB EXECUTIVE,107.0,92,0.05,0.035,0.844444901746041
200,"1.35517855, 103.8468824",0.014832021518383592,0.12493357913507616,0.007263549090262543,0.01181285873628653,0.00498945025029613,0.03760197163790959,0.07048657479284962,0.0,0.0,BISHAN,HDB EXECUTIVE,94.0,88,0.04,0.035,0.34692000516106414
201,"1.3551991, 103.8677965",0.03359405652835089,0.6024069103977859,0.016447341098578643,0.05147815365239411,0.0,0.14902436104674746,0.07411247071336535,0.04917839703388628,0.0,SERANGOON,HDB EXECUTIVE,93.0,90,0.05,0.035,1.0612416904711084
202,"1.35592825, 103.845164",0.011533517815891873,0.052444522799647744,0.002798156296100605,0.007649101557726767,0.0027114927160840734,0.03286053101965257,0.04660363234778235,0.0,0.0,BISHAN,HDB 4 ROOM,94.0,88,0.04,0.035,0.23160095455288598
203,"1.3560851, 103.8434704",0.26210643065257805,0.7198722397598377,0.04250881949095947,0.24563607609136742,0.04643700979366033,0.329328054011655,0.9777190215133773,0.0,0.0,BISHAN,HDB 5 ROOM,88.0,53,0.025,0.025,2.6736076513134353
204,"1.35619605, 103.9395945",0.030138362504128578,0.16981824019198027,0.030766622043697976,0.004826948321345334,0.0018501964796908243,0.02224035317717391,0.015173433437900424,0.0,0.0,TAMPINES,HDB 5 ROOM,107.0,88,0.04,0.035,0.34981415615591727
205,"1.35638725, 103.8439368",0.24053648762068475,0.4788741868350377,0.02865900498339482,0.08938491237329609,0.0329752880946012,0.23076115750595905,0.5092834639807517,0.0,0.0,BISHAN,HDB 5 ROOM,95.0,92,0.05,0.035,1.6954745013937254
206,"1.3564943, 103.8480659",0.025761636684642885,0.24857799277967657,0.01210419855742423,0.01893694335759149,0.012000245180775672,0.04132276816629627,0.0836532690256899,0.0,0.0,BISHAN,HDB EXECUTIVE,94.0,89,0.05,0.035,0.527357053752097
207,"1.35673585, 103.8433772",0.39278879988028115,0.6064749035283037,0.03306616109357223,0.15756122183093288,0.04185750601439469,0.21679643146077524,0.6204061529775012,0.0,0.0,BISHAN,HDB 5 ROOM,93.0,89,0.05,0.035,2.153951176785761
208,"1.35722645, 103.8496612",0.015613477548883863,0.1811935267831311,0.008053512989148548,0.02198140799107514,0.009228991561284192,0.033716348480306906,0.048710705636933894,0.0,0.0,BISHAN,HDB EXECUTIVE,93.0,89,0.05,0.035,0.4034979709907637
209,"1.35731545, 103.8458132",0.026850078889975267,0.18299958458176696,0.007354516657771276,0.021452885628195896,0.010392701869131665,0.041501689149335434,0.07112742852801451,0.0,0.0,BISHAN,HDB EXECUTIVE,94.0,91,0.05,0.035,0.446678885304191
210,"1.3580767, 103.8481948",0.008060533648393244,0.10287838959602433,0.004791555299863891,0.014085734008461123,0.008255505267206826,0.02506971390307617,0.027579094952577533,0.0,0.0,BISHAN,HDB EXECUTIVE,95.0,92,0.05,0.035,0.2757205266756031
211,"1.3584372, 103.8483076",0.007735104688070352,0.10420274703212223,0.004576667538810637,0.014056169040683564,0.009004619780863114,0.02444181855561097,0.026017973499501218,0.0,0.0,BISHAN,HDB EXECUTIVE,95.0,92,0.05,0.035,0.2750351001356621
212,"1.3588413, 103.8438535",0.013715033041113394,0.1040056688009765,0.0,0.004651262875965378,0.0039501496123404214,0.008656568250254739,0.031674218652172174,0.0,0.0,BISHAN,HDB EXECUTIVE,93.0,90,0.05,0.035,0.2516529012328226
213,"1.3589468, 103.8424194",0.010637683581326156,0.04326539968094431,0.0,0.008991480450226637,0.003510158094145322,0.007427291518110273,0.03083241642833562,0.0,0.0,BISHAN,HDB 5 ROOM,107.0,92,0.05,0.035,0.1896644297530883
214,"1.3592269, 103.8435598",0.011515402051575741,0.07945573007026825,0.0,0.0050468544636096315,0.004102842890158524,0.007802471049228433,0.030604888217179452,0.0,0.0,BISHAN,HDB EXECUTIVE,93.0,90,0.05,0.035,0.22352818874202005
215,"1.359469, 103.8434496",0.052751741587340306,0.3555363267928322,0.0,0.026309372453265076,0.02116197167875869,0.03689590338152286,0.1501868642614461,0.0,0.0,BISHAN,HDB EXECUTIVE,107.0,88,0.04,0.035,0.7178421801551653
216,"1.35986965, 103.8445309",0.027427704244723974,0.3040629289161639,0.0,0.01364614045978391,0.015168294604429498,0.034174181456457585,0.08716991397674681,0.0,0.0,BISHAN,HDB EXECUTIVE,94.0,88,0.04,0.035,0.5566491636583056
217,"1.3604704, 103.8439112",0.05875270698832404,0.5036620468889644,0.0,0.03669524759791207,0.03754427490896487,0.07336100669678725,0.2020895898391926,0.0,0.0,BISHAN,HDB EXECUTIVE,94.0,91,0.05,0.035,0.9971048729201453
218,"1.3620254, 103.8390037",0.024368252818085922,0.20503562039111825,0.0,0.0,0.011603132687765617,0.04379833161497264,0.09655343338216164,0.0,0.0,BISHAN,HDB EXECUTIVE,107.0,88,0.04,0.035,0.45635877089410404
219,"1.3634306, 103.9617562",0.0020219580384771042,0.05068912280550948,0.003791879848335153,0.0,0.0,0.02118665921195638,0.018303897224807058,0.0,0.0,PASIR RIS,HDB EXECUTIVE,95.0,88,0.04,0.035,0.17099351712908517
220,"1.36477835, 103.8442211",0.010689838970427485,0.11066420751448938,0.009682326045551599,0.011654237071755617,0.008803675939935907,0.010864819811465955,0.04300522325879688,0.0,0.0,ANG MO KIO,HDB 5 ROOM,107.0,86,0.04,0.035,0.28036432861242283
221,"1.36495585, 103.843818",0.0115510778294606,0.11376492662970351,0.009624788132458584,0.011619197569260949,0.008422128115212873,0.010953410183173851,0.044464421799930334,0.0,0.0,ANG MO KIO,HDB 5 ROOM,95.0,91,0.05,0.035,0.29539995025920074
222,"1.3654298, 103.9570013",0.0028517668376213876,0.07382374060517795,0.0022641171680758405,0.0,0.0022011602044442772,0.018705088736588237,0.04434755202475956,0.0,0.0,PASIR RIS,HDB EXECUTIVE,107.0,92,0.05,0.035,0.22919342557666725
223,"1.36895025, 103.8338372",0.013221354348072673,0.24674401177422622,0.0,0.04629272644084057,0.0,0.14174761749715142,0.22740587369785384,0.0,0.0,ANG MO KIO,HDB 5 ROOM,95.0,92,0.05,0.035,0.7604115837581449
224,"1.36925685, 103.8340847",0.013449469222775172,0.27596644417101096,0.0,0.0445787422304475,0.0,0.14757045892558002,0.24428925605082377,0.0,0.0,ANG MO KIO,HDB 5 ROOM,96.0,92,0.05,0.035,0.8108543706006375
225,"1.3695505, 103.8465558",0.026757324367607943,0.3921703439617586,0.059372553100966695,0.025708873992640952,0.009407405670341786,0.03411420894706225,0.09667753556023018,0.0,0.0,ANG MO KIO,HDB 5 ROOM,94.0,89,0.05,0.035,0.7292082456006086
226,"1.36971005, 103.8937544",0.012244935908296475,0.1268659014090036,0.006280955505359977,0.015506955895318298,0.0010092759772667027,0.023480006981358596,0.005578673678879073,0.0,0.0,HOUGANG,HDB EXECUTIVE,93.0,87,0.04,0.035,0.2659667053554828
227,"1.3697969, 103.9496859",0.006549013287389486,0.05819832431386823,0.00690951881082772,0.008269964030828024,0.004350143432265764,0.02858773177078649,0.009171139885704116,0.0,0.0,PASIR RIS,HDB EXECUTIVE,96.0,90,0.05,0.035,0.20703583553166985
228,"1.37016475, 103.8936814",0.028983193151329578,0.3054189838544502,0.014919678181415645,0.036473806853568436,0.0021063092129036554,0.04406015469058642,0.011777120319732043,0.0,0.0,HOUGANG,HDB EXECUTIVE,107.0,88,0.04,0.035,0.518739246263986
229,"1.3715979, 103.8391821",0.01651335973312224,0.29043228775004626,0.020535059994394034,0.0,0.0,0.0814425186682209,0.1100724974482597,0.0,0.0,ANG MO KIO,HDB EXECUTIVE,94.0,87,0.04,0.035,0.5939957235940432
230,"1.3727536, 103.8523889",0.0321929246325042,1.950162789407741,0.13827030207893073,0.10465784569666112,0.030575565548451412,0.5879273019786097,0.1908080368828262,0.04470020922339775,0.0,ANG MO KIO,HDB 5 ROOM,107.0,86,0.04,0.035,3.1542949754491225
231,"1.37316025, 103.8959609",0.017467921506591863,0.11239388405688112,0.007993185098582573,0.006035399114282993,0.0018499682345488402,0.01809324855451707,0.014673716002753386,0.0,0.0,HOUGANG,HDB EXECUTIVE,106.0,92,0.05,0.035,0.2635073225681579
232,"1.374027, 103.872104",0.004181811942505036,0.11236955157680928,0.002366286003870677,0.0,0.0,0.01347955459251096,0.005681573103984515,0.0,0.0,SERANGOON,HDB EXECUTIVE,107.0,92,0.05,0.035,0.22307877721968047
233,"1.376726, 103.8411212",0.002236836243706373,0.07235026213987153,0.007176459843838184,0.0073906259944290995,0.0,0.020907808707165913,0.01474889371286959,0.010984441104236742,0.0,ANG MO KIO,HDB EXECUTIVE,107.0,92,0.05,0.035,0.2207953277461174
234,"1.37770445, 103.9433931",0.00462509676958056,0.10114927718387784,0.002182921160868458,0.003599334170604311,0.0,0.023818781092426765,0.0,0.006323925391662763,0.0,PASIR RIS,HDB EXECUTIVE,94.0,88,0.04,0.035,0.21669933576902073
235,"1.3780795, 103.7646934",0.0022045464172662354,0.09486957340787414,0.031832560196110096,0.012642713541887828,0.0,0.021831317943751597,0.01260400007995994,0.0,0.0,BUKIT PANJANG,HDB EXECUTIVE,95.0,88,0.04,0.035,0.2509847115868499
236,"1.4180955, 103.8386676",0.015156163183003283,0.12142658019731373,0.00769375122909613,0.004736846900624533,0.0,0.036954631860686475,0.046002640827133796,0.0,0.0,YISHUN,HDB EXECUTIVE,107.0,86,0.04,0.035,0.306970614197858
237,"1.41900665, 103.8405845",0.0512808577172909,0.33267657349106605,0.03557531936520172,0.006970135220012128,0.002016498204028494,0.0631044694874694,0.054580029727295705,0.0,0.0,YISHUN,HDB MULTI-GENERATION,94.0,89,0.05,0.035,0.6312038832123644
238,"1.4201996, 103.8406706",0.01591337543329846,0.11260605799092842,0.008410517009788235,0.0033061470461985213,0.0011620886424625772,0.04885630127233388,0.02562408174964652,0.0,0.0,YISHUN,HDB EXECUTIVE,95.0,88,0.04,0.035,0.2908785691446566
239,"1.42220665, 103.8407909",0.03508074811469628,0.2982725671935374,0.0195364942816934,0.0,0.00468186129989865,0.1415247747267471,0.06487973958018686,0.0,0.0,YISHUN,HDB EXECUTIVE,95.0,88,0.04,0.035,0.6389761851967598
240,"1.4236131, 103.8401624",0.02141286134311899,0.1976791803845485,0.011699845518712594,0.006986767992110468,0.004187840393361196,0.053039489437855074,0.03622082015341968,0.0,0.0,YISHUN,HDB EXECUTIVE,93.0,89,0.05,0.035,0.4162268052231264
241,"1.4281484, 103.7728197",0.003901345571247916,0.055229670023103715,0.002004358693691856,0.005852018356871874,0.0,0.011969561165332415,0.012641683911786973,0.0,0.0,WOODLANDS,HDB EXECUTIVE,107.0,87,0.04,0.035,0.16659863772203476
242,"1.4294309, 103.776436",0.00922773006040398,0.11851690062300423,0.006592285245063011,0.01384159509060597,0.0,0.04532552439859898,0.08112157934632427,0.0,0.0,WOODLANDS,HDB EXECUTIVE,105.0,92,0.05,0.035,0.35962561476400046
243,"1.429836, 103.7765617",0.0049109255114344495,0.0659638543048205,0.00354903493847319,0.007366388267151674,0.0,0.025741627480272405,0.03318388341246801,0.0,0.0,WOODLANDS,HDB EXECUTIVE,96.0,91,0.05,0.035,0.22571571391462023
244,"1.4303618, 103.7722656",0.006231733488989884,0.07694539179753132,0.002159121017421209,0.009347600233484826,0.0011566270789582602,0.015129142050467025,0.01515957317641685,0.0,0.0,WOODLANDS,HDB EXECUTIVE,107.0,92,0.05,0.035,0.2111291888432694
245,"1.44008975, 103.7910815",0.006536481641143819,0.06544478245241539,0.01653215679093187,0.0048853077433615695,0.0,0.03724519332075347,0.02238599745776653,0.005203690668674128,0.0,WOODLANDS,HDB EXECUTIVE,107.0,88,0.04,0.035,0.23323361007504678
246,"1.44046985, 103.7910479",0.006251399201327229,0.06884919523847427,0.019483213552798674,0.004718932279991307,0.0,0.036953014511252893,0.023322703610349264,0.005398845439069547,0.0,WOODLANDS,HDB EXECUTIVE,108.0,90,0.05,0.035,0.2499773038332632
247,"1.44065865, 103.7874009",0.010542398345326798,0.16446507893694884,0.027447517950539246,0.021002475622603607,0.0020087709146076405,0.08206631246531043,0.09958857823026691,0.017810674605637657,0.0,WOODLANDS,HDB EXECUTIVE,107.0,92,0.05,0.035,0.5099318070712411
248,"1.4409042, 103.7940081",0.016026649655909962,0.17153508045920246,0.031619597014566694,0.014139240669505759,0.0,0.08024684692081238,0.10733917747442774,0.0,0.0,WOODLANDS,HDB EXECUTIVE,93.0,89,0.05,0.035,0.505906592194425
249,"1.4420518, 103.7901387",0.0050227920101179515,0.08135073037088257,0.03078521428076878,0.007744522236323336,0.0,0.037708371108660065,0.02512507173961897,0.007085100107061677,0.0,WOODLANDS,HDB EXECUTIVE,96.0,90,0.05,0.035,0.2798218018534333
250,"1.44210615, 103.7873354",0.007493654369054108,0.1674646731715914,0.0318223072478357,0.02780831052809797,0.0033673235115415064,0.1377132875752059,0.09407520780392453,0.03873837298614596,0.0,WOODLANDS,HDB EXECUTIVE,108.0,90,0.05,0.035,0.5934831371933971
251,"1.4423866, 103.7871078",0.0024045452371210542,0.05451406925468126,0.010126968703474239,0.009242888068393906,0.0011729406765357909,0.037865119049246145,0.025795861669468026,0.014835977510956496,0.0,WOODLANDS,HDB EXECUTIVE,105.0,89,0.05,0.035,0.2409583701698769
252,"1.4443687, 103.7933269",0.014109052059700977,0.0,0.042376124400502806,0.018744415260157615,0.0,0.11999336948611054,0.057105012549072305,0.013904085875529885,0.0,WOODLANDS,HDB EXECUTIVE,93.0,92,0.05,0.035,0.35123205963107407
253,"1.30118995, 103.798929",0.0,0.03288700719007362,0.0,0.01800404450632257,0.0011181256762291425,0.01634645660738135,0.011718892267592446,0.0,0.0,QUEENSTOWN,HDB 5 ROOM,96.0,90,0.05,0.035,0.16507452624759913
254,"1.30123507, 103.7971753",0.0,0.04040514503250646,0.0,0.016394223892650585,0.0014295629231227608,0.01117489817700587,0.0074995627251633725,0.0,0.0,QUEENSTOWN,HDB 5 ROOM,106.0,92,0.05,0.035,0.16190339275044904
255,"1.301237325, 103.7971764",0.0,0.0403858955949159,0.0,0.016418583533238263,0.0014293515086277525,0.011172509111746881,0.007500677304249326,0.0,0.0,QUEENSTOWN,HDB 5 ROOM,105.0,92,0.05,0.035,0.16190701705277813
256,"1.301237325, 103.7971843",0.0,0.2832812814425666,0.0,0.11528023798355014,0.009992950573539248,0.07835041095899757,0.052590155149907496,0.0,0.0,QUEENSTOWN,HDB 5 ROOM,96.0,92,0.05,0.035,0.6244950361085612
257,"1.30123958, 103.7971764",0.0,0.040355125527504816,0.0,0.016436030891176817,0.0014293890901614982,0.011167279995129262,0.007500094052141328,0.0,0.0,QUEENSTOWN,HDB 5 ROOM,94.0,92,0.05,0.035,0.16188791955611373
258,"1.301241835, 103.7971821",0.0,0.04038371917097011,0.0,0.01648981829390105,0.001428136384137314,0.011176730805019396,0.007508305209476653,0.0,0.0,QUEENSTOWN,HDB 5 ROOM,105.0,92,0.05,0.035,0.16198670986350452
259,"1.301244089, 103.7971731",0.0,0.04025956183689364,0.0,0.016449918898500046,0.0014302117201946403,0.011148354245972329,0.0074938413346288995,0.0,0.0,QUEENSTOWN,HDB 5 ROOM,93.0,90,0.05,0.035,0.16178188803618956
260,"1.301552773, 103.9084471",0.0,0.2367961970795519,0.028748650489583197,0.0,0.004700241348521224,0.021372278495262957,0.0,0.0,0.0,MARINE PARADE,HDB 5 ROOM,105.0,89,0.05,0.035,0.3766173674129193
261,"1.30202275, 103.9085952",0.0,0.12122640112656885,0.014427128184106,0.0,0.0023631201234263887,0.011361106326682427,0.0,0.0,0.0,MARINE PARADE,HDB 5 ROOM,93.0,89,0.05,0.035,0.23437775576078365
262,"1.30345725, 103.9133522",0.0,0.06848955863179591,0.006134808563897911,0.0,0.0031051996062794545,0.01633879030031512,0.012494710442870113,0.0051077090384534654,0.0,MARINE PARADE,HDB 5 ROOM,93.0,91,0.05,0.035,0.19667077658361196
263,"1.303856937, 103.916527",0.0,0.0499270683923438,0.0,0.0,0.001697796887792887,0.022032445407553197,0.020406640537987023,0.008869710126760568,0.0,MARINE PARADE,HDB 5 ROOM,93.0,91,0.05,0.035,0.18793366135243747
264,"1.30404515, 103.913509",0.0,0.07702517144907167,0.0021067797394181535,0.0,0.0025701623801229123,0.017692214256948908,0.013666720107255875,0.005379133447807143,0.0,MARINE PARADE,HDB 5 ROOM,106.0,90,0.05,0.035,0.20344018138062467
265,"1.304090143, 103.9156055",0.0,0.0741239069666193,0.0,0.0,0.0018994651276881772,0.019791134815526655,0.019049032950505897,0.007605101683785877,0.0,MARINE PARADE,HDB 5 ROOM,105.0,88,0.04,0.035,0.1974686415441259
266,"1.304870985, 103.9186073",0.0,0.041573494866931585,0.0,0.0,0.0011849068885699291,0.04279429959815189,0.030145117223096325,0.019884364924164125,0.0,MARINE PARADE,HDB 5 ROOM,93.0,89,0.05,0.035,0.22058218350091388
267,"1.3341018, 103.9149474",0.0,0.10680937872206554,0.0,0.012339616123932275,0.0,0.01935336087481482,0.014705079236636621,0.0,0.0,BEDOK,HDB EXECUTIVE,106.0,88,0.04,0.035,0.22820743495744927
268,"1.33412555, 103.9081231",0.0,0.0591823075991005,0.0,0.046690520800095,0.0,0.024096889925279898,0.0,0.0,0.0,BEDOK,HDB EXECUTIVE,107.0,92,0.05,0.035,0.2149697183244754
269,"1.33523585, 103.7709429",0.0,0.14734508887759365,0.025130336458243554,0.02117688495680932,0.0,0.09377485828985213,0.0,0.051376042491855706,0.0,BUKIT TIMAH,HDB EXECUTIVE,93.0,88,0.04,0.035,0.41380321107435425
270,"1.335348, 103.7709658",0.0,0.12454330340555667,0.02119555870917111,0.017884298888033154,0.0,0.08000618293725406,0.0,0.04244889008071423,0.0,BUKIT TIMAH,HDB EXECUTIVE,95.0,88,0.04,0.035,0.36107823402072914
271,"1.3364314, 103.9210442",0.0,0.17672682218131733,0.0,0.007972855539821747,0.003432225133358891,0.03879186317907261,0.008391035508625314,0.0,0.0,BEDOK,HDB 5 ROOM,107.0,88,0.04,0.035,0.3103148015421958
272,"1.33661545, 103.9212622",0.0,0.19567521320083975,0.0,0.007354938525578598,0.003576232037759201,0.03476946855141951,0.007872654051683027,0.0,0.0,BEDOK,HDB 5 ROOM,107.0,88,0.04,0.035,0.3242485063672801
273,"1.3366405, 103.9216111",0.0,0.18020500573337117,0.0,0.006795110838045834,0.003793895729995966,0.02974311927239487,0.007370387056065842,0.0,0.0,BEDOK,HDB 5 ROOM,106.0,91,0.05,0.035,0.31290751862987376
274,"1.337456, 103.842595",0.0,0.5393499590154621,0.006623310246079041,0.03509724474694806,0.0031186338330192395,0.07403379912233592,0.04198838350394825,0.0,0.0,TOA PAYOH,HDB 4 ROOM,107.0,92,0.05,0.035,0.7852113304677928
275,"1.3377003, 103.7753627",0.0,0.3267526343918409,0.06507753486068821,0.08736835915552679,0.0,0.3674388867788183,0.0,0.06291860853163461,0.0,BUKIT TIMAH,HDB EXECUTIVE,107.0,92,0.05,0.035,0.9945560237185088
276,"1.33782765, 103.7733116",0.0,0.17567655035180835,0.028219242616864957,0.02604210478398583,0.0,0.1041466212922888,0.0,0.029864824306627104,0.0,BUKIT TIMAH,HDB EXECUTIVE,96.0,88,0.04,0.035,0.4389493433515751
277,"1.3379367, 103.7740109",0.0,0.04476898334788294,0.007744335389778308,0.007340003631155872,0.0,0.027389106599760658,0.0,0.00751585620747634,0.0,BUKIT TIMAH,HDB EXECUTIVE,105.0,92,0.05,0.035,0.17975828517605413
278,"1.338386, 103.842848",0.0,0.7784606294994065,0.008311995427065134,0.04525117900051166,0.0,0.09699608741467222,0.0731111703486919,0.0,0.0,TOA PAYOH,HDB 4 ROOM,95.0,91,0.05,0.035,1.0871310616903476
279,"1.338392, 103.843295",0.0,0.6747972647887757,0.006439757817989323,0.031576830642363975,0.0,0.0718488403374686,0.05500223333592963,0.0,0.0,TOA PAYOH,HDB 4 ROOM,107.0,92,0.05,0.035,0.9246649269225272
280,"1.3390216, 103.7754414",0.0,0.4342058693538847,0.1040426222693567,0.13958516738009605,0.0,0.3405191495771023,0.0,0.05494981162553773,0.0,BUKIT TIMAH,HDB EXECUTIVE,105.0,88,0.04,0.035,1.1483026202059774
281,"1.33936885, 103.7725436",0.0,0.07775735107899995,0.007973619911013956,0.007309824294702203,0.0,0.03114474634647249,0.0,0.00551955894013079,0.0,BUKIT TIMAH,HDB 5 ROOM,95.0,92,0.05,0.035,0.2147051005713194
282,"1.3396678, 103.772688",0.0,0.10691327131351483,0.008522986497065189,0.007878187176089268,0.0,0.028514822791151435,0.0,0.005322210666703941,0.0,BUKIT TIMAH,HDB 5 ROOM,93.0,88,0.04,0.035,0.23215147844452466
283,"1.33987, 103.84635",0.0,0.5279435808638784,0.004302219103821386,0.018804543292372477,0.0,0.0546678219354088,0.05889378862309715,0.0,0.0,TOA PAYOH,HDB 5 ROOM,95.0,92,0.05,0.035,0.7496119538185781
284,"1.3494366, 103.8388065",0.0,0.14943556052901397,0.0,0.18172188308928033,0.0,0.026256731734709677,0.11927814645565944,0.0,0.0,BISHAN,HDB EXECUTIVE,93.0,88,0.04,0.035,0.5516923218086635
285,"1.3568202, 103.8840619",0.0,0.17033265910209144,0.012359132403054201,0.017554083999843532,0.0,0.021333298427017686,0.021606533353893974,0.0,0.0,HOUGANG,HDB EXECUTIVE,107.0,87,0.04,0.035,0.3181857072859009
286,"1.35862345, 103.8319548",0.0,0.021076933778574957,0.003893818074193584,0.009688011520691995,0.0,0.015348603443521671,0.004374956592261073,0.0,0.0,BISHAN,HDB EXECUTIVE,106.0,92,0.05,0.035,0.13938232340924328
287,"1.35919065, 103.8320519",0.0,0.022668309854328633,0.003470148640563475,0.0123749393671079,0.0,0.019960181333516652,0.004663713505380588,0.0,0.0,BISHAN,HDB EXECUTIVE,93.0,91,0.05,0.035,0.14813729270089726
288,"1.3593394, 103.8307045",0.0,0.03135698323418631,0.007158946639538656,0.0223110533151069,0.0,0.02675228672799813,0.00994086252387046,0.0,0.0,BISHAN,HDB EXECUTIVE,96.0,88,0.04,0.035,0.17252013244070047
289,"1.3593594, 103.8295354",0.0,0.009015269986817431,0.0035468534067215575,0.007552863069502764,0.0010471264478560695,0.009631641156967706,0.005050949503224734,0.0,0.0,BISHAN,HDB EXECUTIVE,95.0,92,0.05,0.035,0.12084470357109027
290,"1.3593596, 103.8294519",0.0,0.008907894306364503,0.003538227154547219,0.007518277948009042,0.0010568407189935486,0.009434967036762582,0.005050763516163815,0.0,0.0,BISHAN,HDB EXECUTIVE,107.0,88,0.04,0.035,0.11050697068084071
291,"1.359374, 103.8332315",0.0,0.09792299729060887,0.01227439637974509,0.04163458477650688,0.0,0.10615072256040986,0.017960414117392007,0.0,0.0,BISHAN,HDB EXECUTIVE,107.0,91,0.05,0.035,0.3609431151246627
292,"1.3594297, 103.8292882",0.0,0.00878059854293631,0.0034722243061648325,0.007456557850972262,0.0010733935790767182,0.009123721269549108,0.005098231962095241,0.0,0.0,BISHAN,HDB EXECUTIVE,93.0,91,0.05,0.035,0.12000472751079447
293,"1.3594518, 103.8887515",0.0,0.21349976563540657,0.010181873246389197,0.012545227537346881,0.0,0.0315266993700965,0.023479714103501078,0.0,0.0,HOUGANG,HDB EXECUTIVE,108.0,90,0.05,0.035,0.37623327989274025
294,"1.360309, 103.8321247",0.0,0.022779412110637907,0.0028712010219424933,0.012018870189169823,0.0,0.0367243095922468,0.005373808277269902,0.0,0.0,BISHAN,HDB EXECUTIVE,94.0,91,0.05,0.035,0.16476760119126696
295,"1.362515, 103.8331633",0.0,0.31093777956036,0.004141016017149202,0.024500995641200403,0.0,0.03978564294656226,0.02358756288585235,0.0,0.0,BISHAN,HDB EXECUTIVE,94.0,91,0.05,0.035,0.48795299705112427
296,"1.3626173, 103.8906035",0.0,0.04744616515184073,0.0028890311114020293,0.007311100868174459,0.0,0.014283747076302755,0.00651168359705099,0.0,0.0,HOUGANG,HDB EXECUTIVE,96.0,88,0.04,0.035,0.15344172780477097
297,"1.36288995, 103.8898318",0.0,0.051015255947623815,0.003139306649383439,0.007708426841673874,0.0,0.013457675820170038,0.006136653699183276,0.0,0.0,HOUGANG,HDB EXECUTIVE,106.0,88,0.04,0.035,0.15645731895803444
298,"1.36496055, 103.8540446",0.0,0.2096464374161203,0.00247976796595451,0.01679240284978849,0.002526165550642312,0.020497407531972586,0.013685979262831565,0.0,0.0,ANG MO KIO,HDB EXECUTIVE,93.0,90,0.05,0.035,0.3506281605773097
299,"1.36586385, 103.8586383",0.0,0.12066389310740652,0.002797530865963076,0.004023464291045231,0.0,0.01024712405784686,0.0054641369637556565,0.0,0.0,ANG MO KIO,HDB EXECUTIVE,107.0,92,0.05,0.035,0.22819614928601736
300,"1.3681798, 103.857549",0.0,0.7536722529005271,0.008941108626032732,0.030171640893224487,0.004652279446651151,0.09332945852213535,0.02559272465500672,0.0,0.0,ANG MO KIO,HDB 5 ROOM,96.0,92,0.05,0.035,1.0013594650435775
301,"1.36833335, 103.8585345",0.0,1.4223659001225666,0.024968058648604977,0.03712561217679654,0.010427786810285087,0.22802244453944986,0.05438154529661994,0.0,0.0,ANG MO KIO,HDB 5 ROOM,93.0,87,0.04,0.035,1.8522913475943228
302,"1.3775341, 103.8393278",0.0,0.04387979621322697,0.0020726991937988735,0.009128685843454457,0.0,0.0243830257075226,0.01221207232184049,0.005395744839565546,0.0,ANG MO KIO,HDB EXECUTIVE,105.0,88,0.04,0.035,0.17207202411940895
303,"1.37804835, 103.8393935",0.0,0.08414803156496212,0.004010371488399295,0.01992333813966986,0.0,0.04746715810033492,0.023912095486086603,0.011074717190005696,0.0,ANG MO KIO,HDB EXECUTIVE,95.0,88,0.04,0.035,0.26553571196945847
304,"1.37873095, 103.8369493",0.0,0.02067092916605514,0.0,0.011501360770075738,0.0,0.02414820986187484,0.010607943843061386,0.0040621924801564945,0.0,ANG MO KIO,HDB EXECUTIVE,93.0,89,0.05,0.035,0.1559906361212236
305,"1.40355645, 103.897684",0.0,0.1909974739209751,0.0034651996795382737,0.005452390522118714,0.0010079252348257576,0.03794547430275881,0.01125607518875046,0.0,0.0,PUNGGOL,HDB 5 ROOM,107.0,88,0.04,0.035,0.3251245388489671
306,"1.4037191, 103.8975203",0.0,0.19061721970524204,0.003431290356651142,0.005337486804047037,0.0,0.036025909326669596,0.01087488613461756,0.0,0.0,PUNGGOL,HDB 5 ROOM,94.0,89,0.05,0.035,0.33128679232722735
