,Coordinates,FairpricePoints,HosPoints,MallPoints,MRTPoints,ParksPoints,PriSchPoints,SecSchPoints,TertairyPoints,UniPoints,Total_Points,Area,Location_Type
0,"1.2736569, 103.806568",0.014556940829740588,0.10415677876682244,0.003362914923109465,0.013652911927304365,0.002429280154791074,0.010142157654523773,0.0,0.0,0.0,0.1337440434265511,BUKIT MERAH,HDB 4 ROOM
1,"1.2738632, 103.8390254",0.004164890038852866,0.14105770103412296,0.006293554786762818,0.010390950230024861,0.0010869024188676437,0.01686285398829428,0.0,0.0,0.0,0.1756919624580726,BUKIT MERAH,HDB 5 ROOM
2,"1.2744195, 103.8397293",0.0051982302133220405,0.17928095773294525,0.007365733165572102,0.011502524242490843,0.0012107675268800161,0.025626428352692653,0.0,0.0,0.0,0.22498641102058087,BUKIT MERAH,HDB 5 ROOM
3,"1.274708, 103.840528",0.006888403631223198,0.2181059004074905,0.008949432182619177,0.012569681515165389,0.001366905659912947,0.02815398756938969,0.0,0.0,0.0,0.2691459073345777,BUKIT MERAH,HDB 5 ROOM
4,"1.275306, 103.826904",0.0038315009024231872,0.05760401526964171,0.0,0.0,0.0010678766207084759,0.04374530455720038,0.007612148920866279,0.0,0.0,0.11002934536841685,BUKIT MERAH,HDB 5 ROOM
5,"1.27531455, 103.8392052",0.004738641071731558,0.189521431471688,0.006720589983961163,0.012086948879456562,0.0011651838735221784,0.042507308150514,0.0,0.0,0.0,0.2520014623591419,BUKIT MERAH,HDB 5 ROOM
6,"1.27556565, 103.8413075",0.021345220302517856,0.5369787539541024,0.02214318039990458,0.029453683382371254,0.003207807437291491,0.049949982587872144,0.0,0.0,0.0,0.641733407761542,CENTRAL AREA,HDB 5 ROOM
7,"1.2758331, 103.8390179",0.004515814483204726,0.2123231180724246,0.006459102506557348,0.01255430575926323,0.0011488057653507426,0.041324873422410875,0.0,0.0,0.0,0.27381020552600677,BUKIT MERAH,HDB 5 ROOM
8,"1.2759757, 103.8412094",0.01966983742241112,0.5639495715273,0.02090162501519171,0.036687469329020145,0.0031913764263832474,0.054073779506713375,0.0,0.0,0.0,0.6788038218046083,CENTRAL AREA,HDB 5 ROOM
9,"1.2766102, 103.8411596",0.01706888001299541,0.6125759126791895,0.023669916705051742,0.0391436840010413,0.005316202356560331,0.04797700015781301,0.0,0.0,0.0,0.7286827158996559,CENTRAL AREA,HDB 5 ROOM
10,"1.2769187, 103.841496",0.021874542008371373,0.6066149102142391,0.024758738194699842,0.04774489267268708,0.005582286713674134,0.03689274368696224,0.0,0.0,0.0,0.7215935714822624,CENTRAL AREA,HDB 5 ROOM
11,"1.27743925, 103.8416672",0.019979017343334318,0.6030902606958329,0.028557820896012682,0.051165026683126946,0.005798700351995154,0.029865223505671674,0.0,0.0,0.0,0.7184770321326394,CENTRAL AREA,HDB 4 ROOM
12,"1.27779165, 103.8414036",0.01756249830382803,0.5825728521692597,0.02699040437915644,0.05198260028046585,0.0057230614885670425,0.028882456921892674,0.0,0.0,0.0,0.6961513752393418,CENTRAL AREA,HDB 4 ROOM
13,"1.2778303, 103.8409528",0.016119120228817334,0.5999888290778649,0.02535588088762394,0.05042781475958227,0.005512010913823442,0.03155926035385243,0.0,0.0,0.0,0.712843795992747,CENTRAL AREA,HDB 5 ROOM
14,"1.2810987, 103.8299525",0.006579790098868286,0.11558790840738206,0.0032577102527848235,0.004679116230824064,0.0011480780381413426,0.01681659637047269,0.004066604219668412,0.0,0.0,0.14555601351927341,BUKIT MERAH,HDB 5 ROOM
15,"1.28262025, 103.8282446",0.008947232747468756,0.15820590501006274,0.00494423118926608,0.007287769352071861,0.0016141488492796465,0.021955111241548964,0.008453983612518024,0.0,0.0,0.20246114925474734,BUKIT MERAH,HDB 5 ROOM
16,"1.28286315, 103.8295469",0.007439625569093325,0.15105108797034017,0.004811168503070965,0.00996471557718015,0.0014284800839905762,0.013957355306662384,0.008399965547255413,0.0,0.0,0.18961277298849968,BUKIT MERAH,HDB 5 ROOM
17,"1.28293415, 103.8280155",0.008526404300449198,0.16574503145322134,0.005428926637636209,0.011100214054204088,0.0017350762216103266,0.02380245932400381,0.008632791646404143,0.0,0.0,0.21644449933707993,BUKIT MERAH,HDB 5 ROOM
18,"1.28300305, 103.827322",0.008544261225341979,0.17547922286946918,0.005442000145402102,0.008490376383469623,0.001903016350044409,0.032976160119777886,0.00907483730459702,0.0,0.0,0.23336561317276022,BUKIT MERAH,HDB 5 ROOM
19,"1.28340775, 103.8288892",0.007488597694331184,0.16277316746402276,0.006019286403024451,0.011702531476752286,0.0016525002276245365,0.01637228376922224,0.008626494624592584,0.0,0.0,0.20714626396523886,BUKIT MERAH,HDB 5 ROOM
20,"1.28348045, 103.8270924",0.007920685998586,0.1881268613692999,0.006206423976300995,0.00998483042999181,0.0021412609678878956,0.04069161076958666,0.009322638699947074,0.0,0.0,0.25647362621301434,BUKIT MERAH,HDB 5 ROOM
21,"1.28349635, 103.8260458",0.009661051713487058,0.2054483946219357,0.00537117950648683,0.009206281737225014,0.0024185450683685307,0.05631219480971619,0.009966381278718583,0.0,0.0,0.2887229770224508,BUKIT MERAH,HDB 5 ROOM
22,"1.2836184, 103.8282827",0.0076196732013730645,0.173792609946053,0.0067913239197595465,0.013020464838733356,0.001852861317959092,0.023843496252420042,0.004834424307420001,0.0,0.0,0.22413518058234502,BUKIT MERAH,HDB 5 ROOM
23,"1.2837865, 103.830298",0.006351025234576984,0.18796119983453402,0.005296549867680048,0.01077391982014826,0.0014124611218812911,0.008483333809468026,0.009070895561044798,0.0,0.0,0.22299836001475642,BUKIT MERAH,HDB 4 ROOM
24,"1.2838767, 103.8306218",0.006114424413578127,0.20230385565251624,0.005043815633672932,0.013578068594143934,0.0013614946668783887,0.007899074010441669,0.009221036209747858,0.0,0.0,0.239407344767401,BUKIT MERAH,HDB 4 ROOM
25,"1.28483305, 103.8264949",0.0072212492191325185,0.2867748939545331,0.008846371113246812,0.02074549027758892,0.0032693069553476036,0.05555264012339454,0.006644098540489992,0.0,0.0,0.381832800964601,BUKIT MERAH,HDB 5 ROOM
26,"1.285221, 103.822593",0.011048023642624989,0.13694151691314246,0.003294539877449356,0.009392978509112518,0.0031729977168831083,0.02050523182028391,0.008290166288811036,0.0,0.0,0.1815974311256824,BUKIT MERAH,HDB 5 ROOM
27,"1.2855981, 103.8256617",0.009261543152271332,0.22021483741727033,0.007543888082889724,0.019215659939680624,0.0054655351752098714,0.0315624017392322,0.008297164906678381,0.0,0.0,0.2922994872609611,BUKIT MERAH,HDB 5 ROOM
28,"1.285634, 103.8260893",0.009324838435141054,0.28807764035160577,0.009154314012889008,0.02459163665741842,0.004788360993818801,0.03198049595097225,0.007957568162495257,0.0,0.0,0.3665500161291995,BUKIT MERAH,HDB 5 ROOM
29,"1.2864563, 103.8312372",0.011211072026649277,0.30275996253356324,0.01571300002317868,0.03234780937254618,0.0047879894512169365,0.02115650556958045,0.021030647585398285,0.0,0.0,0.39779591453548374,BUKIT MERAH,HDB 5 ROOM
30,"1.2866077, 103.8213624",0.009256707267556227,0.10681909244159131,0.002724220356799257,0.009488434934702689,0.002599908529364877,0.01921574644562491,0.018948763081726182,0.0,0.0,0.15979616578980924,BUKIT MERAH,HDB 4 ROOM
31,"1.28680895, 103.8119242",0.018676448344181355,0.055999813905085655,0.007261882515912211,0.004806391475954586,0.0011100097389021267,0.010769467327680216,0.03639627222209461,0.0,0.0,0.1163438371856294,BUKIT MERAH,HDB 5 ROOM
32,"1.28741125, 103.8220512",0.017889291535645387,0.21411706109138448,0.005977873742634395,0.019554338673921548,0.006472949209839795,0.040681989264376044,0.03792509757545828,0.0,0.0,0.3247293095576145,BUKIT MERAH,HDB 5 ROOM
33,"1.28797955, 103.8219434",0.00892388178253078,0.10943325955616885,0.002874864760179577,0.009798413306542854,0.0029786762438735125,0.020665264163220717,0.02147064954903957,0.0,0.0,0.1672211275790251,BUKIT MERAH,HDB 5 ROOM
34,"1.28798455, 103.816749",0.020694310360152936,0.10007018048941363,0.0,0.016216118068401612,0.0011090469325936059,0.01801390898953338,0.03130927917325359,0.0,0.0,0.16671853365319583,BUKIT MERAH,HDB 5 ROOM
35,"1.2880105, 103.816317",0.02521586630707366,0.1219564720397242,0.0,0.015883882783586645,0.0010529653578897756,0.01900257075399042,0.03216160353833818,0.0,0.0,0.1900574944735292,BUKIT MERAH,HDB 5 ROOM
36,"1.2881168, 103.8214942",0.008954530400925871,0.10242713470385341,0.0026741725050938438,0.009892195715744886,0.00257791776520502,0.02014853937610691,0.024077537220619498,0.0,0.0,0.16179749728662357,BUKIT MERAH,HDB 4 ROOM
37,"1.288482, 103.8159517",0.023515509899813436,0.4041781990687297,0.0,0.018956829943010334,0.0010026611233804766,0.017350838616696902,0.03364551854449811,0.0,0.0,0.47513404729631553,BUKIT MERAH,HDB 5 ROOM
38,"1.2887526, 103.8168068",0.017189250055908774,0.1082204097129514,0.0,0.030096009494138484,0.0010992658613683487,0.01548260262997541,0.03277416790367394,0.0,0.0,0.18767245560210757,BUKIT MERAH,HDB 5 ROOM
39,"1.2892428, 103.8155442",0.018227398137387038,0.0,0.0,0.020936841790093315,0.0,0.014705841047553972,0.035932361220323145,0.0,0.0,0.07157504405797044,BUKIT MERAH,HDB 5 ROOM
40,"1.2893554, 103.8293362",0.006866935075821515,0.2004808354317302,0.008670130066385435,0.017624881588981983,0.0017598399492316633,0.016453388894056627,0.01060914384829132,0.0,0.0,0.2555982197786772,BUKIT MERAH,HDB 4 ROOM
41,"1.28939675, 103.8289208",0.008162283753706768,0.22300715463770152,0.00872796319517122,0.017248143057505723,0.0018868668369833217,0.01702999508578203,0.01090928622058948,0.0,0.0,0.27880940903373325,BUKIT MERAH,HDB 5 ROOM
42,"1.28970785, 103.8152855",0.016375475494435375,0.1394135830988647,0.0,0.01819231292427463,0.0,0.01340931070935214,0.03771520909870433,0.0,0.0,0.2087304158311958,BUKIT MERAH,HDB 5 ROOM
43,"1.2900801, 103.8293057",0.0070305206649326395,0.16826026181173104,0.00823480165711771,0.01706123799816172,0.0016480358816215652,0.01647190111788498,0.010444541653748939,0.0,0.0,0.22212078012026598,BUKIT MERAH,HDB 4 ROOM
44,"1.2901179, 103.8289816",0.01605423641395233,0.35498367661197966,0.016348326658536135,0.03318418157646567,0.0034488527336813198,0.03380997835366354,0.013357614858570805,0.0,0.0,0.4551326307928972,BUKIT MERAH,HDB 5 ROOM
45,"1.2922214, 103.8149705",0.010658530440518357,0.04599476146797897,0.0,0.008596584884391092,0.0,0.01011661933579789,0.0520289882947514,0.0,0.0,0.11673695398291935,QUEENSTOWN,HDB 5 ROOM
46,"1.2931142, 103.8113931",0.03782477491995822,0.1079139444403914,0.004471812891575334,0.00900425566150557,0.0,0.012244252011837129,0.04875325914843387,0.0,0.0,0.18238752415374332,QUEENSTOWN,HDB 5 ROOM
47,"1.2933132, 103.8082566",0.011498982354849897,0.04712029468616451,0.008277095346100027,0.01012791093811318,0.0,0.013102927256863156,0.0184852402239527,0.0,0.0,0.09711346845119358,QUEENSTOWN,HDB 5 ROOM
48,"1.2938117, 103.8078122",0.010522792824538954,0.03957521888924299,0.008032879323878814,0.013260079135224343,0.0,0.016240159738788864,0.017209495087930148,0.0,0.0,0.09431783217506515,QUEENSTOWN,HDB 5 ROOM
49,"1.29384705, 103.808765",0.01153578199135262,0.046468780164089105,0.007439264602859595,0.009267218448857832,0.0,0.015189918678365598,0.015900963902897,0.0,0.0,0.09426614579706913,QUEENSTOWN,HDB 5 ROOM
50,"1.2939101, 103.8045221",0.010146039979993249,0.04810481650029932,0.008991493262673242,0.01628800292970444,0.0,0.014168969623819725,0.013329566576214053,0.0,0.0,0.10088284889271078,QUEENSTOWN,HDB 5 ROOM
51,"1.29401925, 103.8082246",0.010635716492857262,0.03932757214648993,0.007595560219523456,0.011508565008239428,0.0,0.01759816386206951,0.014154061733445043,0.0,0.0,0.09018392296976738,QUEENSTOWN,HDB 5 ROOM
52,"1.2943763, 103.8044831",0.009396888792770605,0.04451152993167015,0.008343864376119448,0.017628577984958222,0.0,0.014909990723752552,0.013597134472675033,0.0,0.0,0.09899109748917541,QUEENSTOWN,HDB EXECUTIVE
53,"1.29438085, 103.8114222",0.014080643893991798,0.04773026708173863,0.0021113363160047242,0.008729770452109566,0.0,0.009123929744851803,0.04329379224907602,0.0,0.0,0.11098909584378075,QUEENSTOWN,HDB 5 ROOM
54,"1.29469995, 103.8092269",0.010655265228524391,0.033264668801901404,0.004615925894264468,0.008311219091995042,0.0,0.018735181580438718,0.02090557549889486,0.0,0.0,0.08583257086749449,QUEENSTOWN,HDB 5 ROOM
55,"1.2947919, 103.8082497",0.009678948364219191,0.031305909495747075,0.006922495700321983,0.01187906151780341,0.0,0.0276429624328634,0.018001923944167955,0.0,0.0,0.09575235309090382,QUEENSTOWN,HDB 5 ROOM
56,"1.29486925, 103.8049262",0.006749226458680981,0.03958722118662235,0.007744509221594035,0.025276508482490447,0.0,0.016760758489895188,0.014161514297039414,0.0,0.0,0.10353051167764143,QUEENSTOWN,HDB EXECUTIVE
57,"1.2949669, 103.803498",0.0065953391252691765,0.04285489331762019,0.007564079649841597,0.01080969412803006,0.0,0.014376182070545635,0.006306224033220427,0.0,0.0,0.08191107319925792,QUEENSTOWN,HDB EXECUTIVE
58,"1.2950553, 103.8115993",0.018388123345184432,0.05984687380831429,0.0,0.01680009892430464,0.0,0.018527084232057327,0.07029585527618014,0.0,0.0,0.1654699122408564,QUEENSTOWN,HDB 5 ROOM
59,"1.2951394, 103.8111487",0.017861159470178266,0.0784010006527926,0.004062172570206538,0.017272975140886392,0.0,0.0209986056922858,0.06148188603325611,0.0,0.0,0.18221664008942745,QUEENSTOWN,HDB 5 ROOM
60,"1.29535175, 103.8125908",0.015890503131761165,0.05425936216297621,0.0,0.015757948832342186,0.0,0.014992523308136486,0.07890337223103909,0.0,0.0,0.16391320653449398,QUEENSTOWN,HDB 4 ROOM
61,"1.29540805, 103.8121926",0.016138150489758085,0.05432683652381883,0.0,0.01596756514304803,0.0,0.016363521221255402,0.07239860189194293,0.0,0.0,0.1590565247800652,QUEENSTOWN,HDB 5 ROOM
62,"1.2954712, 103.8117891",0.01615987712996799,0.053821986275369466,0.0,0.01625351095758304,0.0,0.018038521016740843,0.06571091945643062,0.0,0.0,0.153824937706124,QUEENSTOWN,HDB 4 ROOM
63,"1.2957434, 103.8104374",0.014899703626014855,0.0691156392801476,0.004060289225678489,0.01792903055549499,0.0,0.02752719461419896,0.04758414099692617,0.0,0.0,0.1662162946724462,QUEENSTOWN,HDB 5 ROOM
64,"1.29587985, 103.8094605",0.0069268781460177335,0.023248997336246472,0.002135149871059636,0.0073410465645855315,0.0,0.022093478974937113,0.023776756280651574,0.0,0.0,0.07859542902748032,QUEENSTOWN,HDB 5 ROOM
65,"1.302193692, 103.7965873",0.0021734319993475283,0.04534645470413156,0.0020943159671455848,0.019397850784335174,0.0015757599232185443,0.008348718738269284,0.006424823870137309,0.0,0.0,0.08318792398723744,QUEENSTOWN,HDB 5 ROOM
66,"1.30495405, 103.7821704",0.03037118480583061,0.07017815581832988,0.005564447834003238,0.010441590861399655,0.0,0.0,0.03527478066353987,0.01481263532713336,0.011724659347008264,0.14799626985141426,QUEENSTOWN,HDB 5 ROOM
67,"1.30582635, 103.8552663",0.010246348002087732,0.0,0.030713508012419826,0.06976138506073026,0.0011609193303730397,0.0045194567248278495,0.0,0.013113195561798907,0.0,0.1192684646901499,CENTRAL AREA,HDB EXECUTIVE
68,"1.3061805, 103.7824266",0.017108091244071137,0.07230242596974687,0.0060099910174383105,0.01079571805027821,0.0,0.0,0.0261014133103824,0.014416221377234754,0.009705333883428275,0.13933110360850884,QUEENSTOWN,HDB 5 ROOM
69,"1.306295288, 103.7947153",0.0047514870282709945,0.0821385266225024,0.009530253721872531,0.015451723892082027,0.0015058786367161076,0.0041383942120559545,0.0,0.0,0.0,0.11276477708522904,QUEENSTOWN,HDB 5 ROOM
70,"1.3067757, 103.7972687",0.0033820107227034105,0.06811482091129101,0.00613675597039251,0.015105776069011291,0.0011044639035325944,0.004481056041469655,0.004583947302168305,0.0,0.0,0.09952682019786536,QUEENSTOWN,HDB 5 ROOM
71,"1.306836669, 103.7949123",0.005195472548273486,0.08040322265936509,0.009981509801504715,0.01563061383134126,0.0013798928786500021,0.0,0.0,0.0,0.0,0.10739523917086106,QUEENSTOWN,HDB 5 ROOM
72,"1.30702695, 103.8610374",0.0118560715391677,0.16728356758259252,0.013708456470365987,0.03371519905193205,0.001238605253589686,0.0,0.0,0.0,0.0,0.21594582835848022,KALLANG/WHAMPOA,HDB 5 ROOM
73,"1.3071048, 103.7836027",0.0157129770692168,0.09707619933528218,0.007482583238748945,0.011367252759293015,0.0,0.0,0.021384891708027227,0.013472529637637473,0.004694403403259683,0.15547786008224854,QUEENSTOWN,HDB EXECUTIVE
74,"1.3074551, 103.8827085",0.010378366413264197,0.06753249853616411,0.0021610067945229436,0.03435629038195561,0.0,0.007213129842035207,0.008603194040011785,0.0,0.0,0.11986611959468965,GEYLANG,HDB 5 ROOM
75,"1.30780915, 103.8850135",0.0846931258251107,0.0,0.0,0.01993437765469629,0.0,0.005072502509416326,0.023451762540382864,0.0,0.0,0.04845864270449548,GEYLANG,HDB 5 ROOM
76,"1.30785825, 103.8888729",0.00446986531470944,0.05429609495218234,0.002186603122748621,0.05111601747695539,0.0,0.0,0.0357802363582577,0.0,0.0,0.14337895191014405,GEYLANG,HDB 5 ROOM
77,"1.3078658, 103.8885715",0.004830644617604413,0.06080010733485173,0.002143883557537715,0.048096904369742205,0.0,0.0,0.03766394197647598,0.0,0.0,0.14870483723860764,GEYLANG,HDB 5 ROOM
78,"1.308258354, 103.7965172",0.004481912133657464,0.09114155696158817,0.010961660820036334,0.01626586223762976,0.0010415865101671797,0.0,0.0,0.0,0.0,0.11941066652942144,QUEENSTOWN,HDB 5 ROOM
79,"1.30863865, 103.7842197",0.040631228749205585,0.17202368428670556,0.007969517550680271,0.008755984985067317,0.0,0.004273199454078388,0.01642821268224333,0.011711062979656784,0.0,0.22116166193843168,QUEENSTOWN,HDB 4 ROOM
80,"1.3087603, 103.7860889",0.018864350801640426,0.2152486966213544,0.012422614359356446,0.010034719128124116,0.0010527024452619167,0.0042295161268619446,0.01500294607870942,0.010353434262650923,0.0,0.26834462902231926,QUEENSTOWN,HDB 5 ROOM
81,"1.30893615, 103.7850542",0.042386263238365106,0.21204368863392864,0.009274324210974943,0.009087750725023536,0.0,0.004406365502315896,0.015357556289404401,0.01086564947445667,0.0,0.2610353348361041,QUEENSTOWN,HDB 5 ROOM
82,"1.3092395, 103.7856974",0.02085917317525701,0.1649801685163784,0.01033424867753668,0.009452274518434833,0.0,0.004521250730295063,0.014401822770962965,0.010186648810619632,0.0,0.21387641402422755,QUEENSTOWN,HDB 5 ROOM
83,"1.309258332, 103.8826687",0.009184206661188741,0.09475293481348544,0.0,0.01729956438760108,0.0,0.007847008267697514,0.012012494265577912,0.0,0.0,0.13191200173436196,GEYLANG,HDB 5 ROOM
84,"1.30966795, 103.7713313",0.006181447787669584,0.07609491399589852,0.009227214571522833,0.007108706214798824,0.0,0.004819339005810855,0.035067981562165146,0.005265896358939424,0.004245654323743238,0.14182970603287887,CLEMENTI,HDB 5 ROOM
85,"1.3097105, 103.8835443",0.010146596802068579,0.12327152568880229,0.0,0.016710066919039333,0.0,0.00657300657444687,0.01324173793830958,0.0,0.0,0.15979633712059807,GEYLANG,HDB 5 ROOM
86,"1.30995105, 103.7925233",0.03940468240412545,0.11601925896381035,0.01303469049850369,0.014317155298366822,0.001069457855639538,0.0,0.0,0.0,0.0,0.1444405626163204,QUEENSTOWN,HDB 5 ROOM
87,"1.3100457, 103.7844896",0.017211084584053883,0.10646619271883975,0.0072941424753939586,0.00875993042867514,0.0,0.005126879803136009,0.013568759743573505,0.010393632168534653,0.0,0.151609537338153,QUEENSTOWN,HDB 4 ROOM
88,"1.31040465, 103.7918536",0.01696690792001265,0.11294187253399915,0.012412180108424587,0.013835731427202534,0.001027009609409721,0.0,0.0,0.0,0.0,0.140216793679036,QUEENSTOWN,HDB 5 ROOM
89,"1.31104385, 103.7919526",0.01284390262123249,0.11513963623428138,0.011854836982665512,0.013068245063554121,0.0,0.0,0.0,0.0,0.0,0.14006271828050101,QUEENSTOWN,HDB 4 ROOM
90,"1.3119428, 103.7646163",0.017740916958908483,0.2353634148716103,0.10941469418661871,0.008729265920555335,0.0,0.024860103929683394,0.027382956566681264,0.0,0.0,0.40575043547514905,CLEMENTI,HDB 5 ROOM
91,"1.313214, 103.872453",0.031109528406435095,0.1166577783857909,0.0,0.017465096576382136,0.0012033582177364143,0.005257373631706353,0.0,0.0,0.0,0.14058360681161583,KALLANG/WHAMPOA,HDB 5 ROOM
92,"1.3145027, 103.7635208",0.012110462064770306,0.1721254617404738,0.03290841864534725,0.014771800945065645,0.0,0.051760001105182946,0.03307631166820127,0.0,0.0,0.30464199410427084,CLEMENTI,HDB 5 ROOM
93,"1.31507315, 103.8606315",0.006087943620276466,0.1279823715867271,0.0057439551721567995,0.017122025206863605,0.0,0.009099942565612305,0.0053963367756237135,0.0,0.0,0.1653446313069835,KALLANG/WHAMPOA,HDB 4 ROOM
94,"1.3155904, 103.8602099",0.005799872621126852,0.13273833993735162,0.005672890230716047,0.015186554452152577,0.0,0.009664890676407325,0.010027879428359858,0.0,0.0,0.17329055472498744,KALLANG/WHAMPOA,HDB 4 ROOM
95,"1.3159003, 103.8607782",0.005415019639035373,0.1289959742080556,0.005166905598918072,0.01534926200717318,0.0,0.010011836682294963,0.009921407822933145,0.0,0.0,0.169445386319375,KALLANG/WHAMPOA,HDB 4 ROOM
96,"1.31605155, 103.8613309",0.010343771245470047,0.23267291714862467,0.009640298795805191,0.03149930357614651,0.0,0.020319474038290205,0.019294779062991353,0.0,0.0,0.313426772621858,KALLANG/WHAMPOA,HDB 5 ROOM
97,"1.31637345, 103.8859462",0.016217416678752566,0.2558711018399704,0.009775130597683698,0.015622668931645045,0.0,0.014183879706200574,0.012145045912136216,0.0,0.0,0.30759782698763594,GEYLANG,HDB EXECUTIVE
98,"1.3164065, 103.8616261",0.004888734071522479,0.11634536880334531,0.004537235707476944,0.012068128828180081,0.0,0.010579506363717576,0.00974252028643379,0.0,0.0,0.1532727599891537,KALLANG/WHAMPOA,HDB 5 ROOM
99,"1.31641, 103.861165",0.009988056588036628,0.2471698448400593,0.009456687753942272,0.023264382343069226,0.0,0.021247891073072664,0.020234042922997304,0.0,0.0,0.3213728489331408,KALLANG/WHAMPOA,HDB 5 ROOM
100,"1.316577, 103.861017",0.009856636783512729,0.25033594233631057,0.009423539119411042,0.022298362095198032,0.0,0.02171771947713169,0.020821721356670916,0.0,0.0,0.32459728438472224,KALLANG/WHAMPOA,HDB 5 ROOM
101,"1.316691, 103.861381",0.009572151745635435,0.24902285435205812,0.00903227875751363,0.022363332227317623,0.0,0.021960089773636914,0.020413539246514567,0.0,0.0,0.3227920943570408,KALLANG/WHAMPOA,HDB 4 ROOM
102,"1.31677585, 103.8618992",0.004629686848837892,0.12268170682106368,0.0023663825209801256,0.011290868187846753,0.0,0.011046336686847399,0.009851903460421738,0.0,0.0,0.1572371976771597,KALLANG/WHAMPOA,HDB 5 ROOM
103,"1.3174562, 103.7624183",0.005863472772988692,0.08252406174689936,0.012668703692473367,0.007091294729777495,0.0,0.04350437576271985,0.02336281783136227,0.0,0.0,0.16915125376323234,CLEMENTI,HDB EXECUTIVE
104,"1.3181764, 103.8969016",0.011069808561321599,0.07953797800397208,0.021844056282027822,0.007455878656279695,0.0,0.004247032385124268,0.004099865138602859,0.0,0.0,0.11718481046600672,GEYLANG,HDB 5 ROOM
105,"1.31895745, 103.7646364",0.005248701155475913,0.08477007405702705,0.01085545456549829,0.0066597580852842215,0.0,0.030029396385007436,0.0124709621935848,0.0,0.0,0.14478564528640178,CLEMENTI,HDB 5 ROOM
106,"1.3190035, 103.7656918",0.005582563541096461,0.0899692048936067,0.010586697158553591,0.006638480607394965,0.0,0.027598413088322348,0.011396086941831016,0.0,0.0,0.14618888268970864,CLEMENTI,HDB 5 ROOM
107,"1.31948065, 103.7655268",0.005214893346166761,0.08385611899270887,0.009707954894272411,0.005958982940609112,0.0,0.02629821983890638,0.010866642737608671,0.0,0.0,0.13668791940410543,CLEMENTI,HDB 5 ROOM
108,"1.31953945, 103.7641388",0.0047594502658223035,0.07668652945133368,0.00960498178515574,0.005713047492426193,0.0,0.030602182219244094,0.008038941716239858,0.0,0.0,0.13064568266439958,CLEMENTI,HDB 5 ROOM
109,"1.31965005, 103.7645293",0.0048215105035814155,0.07754086828655414,0.009476338562891902,0.005677593956643027,0.0,0.02856615099484695,0.007535479112626378,0.0,0.0,0.1287964309135624,CLEMENTI,HDB 5 ROOM
110,"1.31977, 103.8596402",0.005181737784453199,0.1453325738757502,0.002007835735742009,0.00695802097867946,0.0,0.018323099333522046,0.016413655946471477,0.0,0.0,0.18903518587016518,KALLANG/WHAMPOA,HDB 5 ROOM
111,"1.3198089, 103.8609535",0.0027209478664646314,0.1723170921087983,0.0,0.004150235709961346,0.0,0.016558001502637372,0.014374562543087568,0.0,0.0,0.2073998918644846,KALLANG/WHAMPOA,HDB 5 ROOM
112,"1.3199674, 103.7657478",0.004983012718089934,0.07520899256307424,0.008863427890959877,0.0053648169738799555,0.0,0.024375826076776796,0.0062343477846281015,0.0,0.0,0.12004741128931898,CLEMENTI,HDB 5 ROOM
113,"1.3201502, 103.8668455",0.005086354711394584,0.07263041793291179,0.0,0.008728902236915598,0.0,0.012859282964243253,0.004674424059837171,0.0,0.0,0.09889302719390781,KALLANG/WHAMPOA,HDB 5 ROOM
114,"1.3208015, 103.8602102",0.0033176174533718844,0.1338718964598059,0.0,0.0035098225062145105,0.0,0.019656565437444297,0.017247443527027586,0.0,0.0,0.1742857279304923,KALLANG/WHAMPOA,HDB 4 ROOM
115,"1.321301, 103.8605691",0.0032914427391428328,0.14921424391135601,0.0,0.003356244661135192,0.0,0.019473859939895907,0.018094212228483026,0.0,0.0,0.19013856074087013,KALLANG/WHAMPOA,HDB 4 ROOM
116,"1.32178925, 103.9364139",0.006027009565811273,0.12931217700492062,0.008141705206337845,0.0041058896288719855,0.0,0.013456484385875014,0.004662969036425755,0.009317286690022696,0.0,0.1689965119524539,BEDOK,HDB EXECUTIVE
117,"1.32195385, 103.8587406",0.007179763926909863,0.10843643227078587,0.0,0.0,0.0,0.035029506469080936,0.020690672451071923,0.0,0.0,0.16415661119093872,KALLANG/WHAMPOA,HDB EXECUTIVE
118,"1.32243025, 103.936223",0.006346537908293898,0.1390410251006676,0.008827605780616537,0.004350667991812371,0.0,0.019816001450326103,0.004687266478445606,0.008166679423983091,0.0,0.1848892462258513,BEDOK,HDB EXECUTIVE
119,"1.3229285, 103.8660206",0.003812233682171411,0.07945960248930238,0.0020008691029606033,0.007572336215823953,0.0,0.04028619677907576,0.010658358457718646,0.0,0.0,0.13997736304488134,KALLANG/WHAMPOA,HDB EXECUTIVE
120,"1.32294575, 103.7692174",0.0022140191771062,0.055943717238933335,0.0,0.003031573524507755,0.0,0.009685713552423321,0.0,0.0,0.0,0.06866100431586442,CLEMENTI,HDB EXECUTIVE
121,"1.32321315, 103.7710863",0.0022031267151040616,0.06060472557820984,0.0,0.0,0.0,0.00469182192215273,0.0,0.0,0.0,0.06529654750036257,CLEMENTI,HDB EXECUTIVE
122,"1.32329165, 103.8662501",0.0038403784204610477,0.08911170463771767,0.0020969294691466915,0.007821398456159092,0.0,0.03195349962322132,0.010717120136470415,0.0,0.0,0.14170065232271517,KALLANG/WHAMPOA,HDB EXECUTIVE
123,"1.32332005, 103.7697692",0.0021459962362261873,0.05580211689543815,0.0,0.0,0.0,0.009002982170299037,0.0,0.0,0.0,0.06480509906573718,CLEMENTI,HDB EXECUTIVE
124,"1.3237269, 103.771246",0.002072521762210165,0.046279899584605114,0.0,0.0,0.0,0.004386661994270969,0.0,0.0,0.0,0.050666561578876085,CLEMENTI,HDB EXECUTIVE
125,"1.32392005, 103.770548",0.0020232958089194037,0.0444973019541727,0.0,0.0,0.0,0.0044311899622087765,0.0,0.0,0.0,0.048928491916381475,CLEMENTI,HDB 5 ROOM
126,"1.3247023, 103.9099232",0.012862961306556654,0.04920985279117088,0.0,0.009934958831630997,0.0,0.016585982609574786,0.004139170629717107,0.0,0.0,0.07986996486209377,BEDOK,HDB EXECUTIVE
127,"1.3247048, 103.9238311",0.047307112237025765,0.07775128592796714,0.008465466364959994,0.0041994230113818025,0.0,0.01579455172177802,0.019810217745800253,0.0,0.0,0.12602094477188722,BEDOK,HDB EXECUTIVE
128,"1.3270424, 103.8565953",0.01105116957769447,0.06847281083436055,0.0,0.0037497224581654765,0.0,0.006735006293493666,0.012434356107053145,0.0,0.0,0.09139189569307282,KALLANG/WHAMPOA,HDB 3 ROOM
129,"1.3271959, 103.856112",0.011344593140699652,0.0713226057924725,0.002012504680670576,0.004019834421888162,0.001017968906772526,0.006429898477719905,0.011633857922125835,0.0,0.0,0.0964366702016495,KALLANG/WHAMPOA,HDB 3 ROOM
130,"1.32769355, 103.856207",0.010557292363892353,0.0796937866856521,0.002049261394206863,0.004141817192986388,0.001029175905917051,0.005940030620860929,0.01108638028978873,0.0,0.0,0.10394045208941205,KALLANG/WHAMPOA,HDB 3 ROOM
131,"1.3277175, 103.8560362",0.010692450926388836,0.07949059906662803,0.002087828500861448,0.004244406641373029,0.0010494108295323798,0.005879151673117168,0.010893800195238865,0.0,0.0,0.10364519690675092,KALLANG/WHAMPOA,HDB 3 ROOM
132,"1.3281288, 103.8555041",0.010720288319901627,0.07840960863279284,0.004285565549374291,0.004743776556507806,0.0011340086644255792,0.005401180265647188,0.009979784101430583,0.0,0.0,0.10395392377017827,KALLANG/WHAMPOA,HDB EXECUTIVE
133,"1.32823495, 103.8579813",0.00834780034741122,0.06854123185852579,0.0,0.003431507788800343,0.0,0.010161361027416941,0.012148804292924052,0.0,0.0,0.09428290496766711,KALLANG/WHAMPOA,HDB 3 ROOM
134,"1.32837265, 103.8540294",0.01187558691055579,0.0893267610882098,0.0051572334298186145,0.006213011932678265,0.0013918210561986557,0.008855866974890807,0.004774403960631172,0.0,0.0,0.11571909844242731,KALLANG/WHAMPOA,HDB EXECUTIVE
135,"1.3304629, 103.905216",0.0020359791947368077,0.0465141375613625,0.0,0.004630617778438213,0.0,0.0207881339281015,0.007910978675054154,0.0,0.0,0.07984386794295636,BEDOK,HDB EXECUTIVE
136,"1.33260935, 103.8573147",0.007845462096872417,0.08438004075525732,0.0020167113171975144,0.003960322489291573,0.0,0.01659078909493157,0.008152746632404643,0.0,0.0,0.11510061028908261,TOA PAYOH,HDB EXECUTIVE
137,"1.333255, 103.846161",0.003674740574289124,0.23987372405240862,0.01170563814266296,0.011963582764714984,0.0028570604486760844,0.023352226405040505,0.01069226088258819,0.0,0.0,0.30044449269609136,TOA PAYOH,HDB 5 ROOM
138,"1.333674, 103.845687",0.00328284478778359,0.24330594672327738,0.010213463426669176,0.0116566057500555,0.0023872450489806647,0.0289058433703011,0.0119463661689218,0.0,0.0,0.30841547048820567,TOA PAYOH,HDB 5 ROOM
139,"1.333722, 103.845233",0.0030370232949794122,0.24365777385144785,0.009611441243450598,0.011406194567709804,0.0021951241251059995,0.030236772643140793,0.013800939870248736,0.0,0.0,0.31090824630110375,TOA PAYOH,HDB 5 ROOM
140,"1.334172, 103.845894",0.0032799217090942736,0.2670376795096743,0.009672325877010744,0.011860008471067628,0.0022148076706388804,0.02935996147069106,0.010593404265235803,0.0,0.0,0.33073818726431836,TOA PAYOH,HDB 5 ROOM
141,"1.3343647, 103.8653267",0.007081446020044841,0.06603832870817031,0.004233835387174967,0.009738536783125144,0.0,0.012463479214093645,0.014746560175961553,0.008222043930013532,0.0,0.11544278419853915,TOA PAYOH,HDB EXECUTIVE
142,"1.33461305, 103.8485762",0.004966554613525348,0.4656407202080404,0.008635672280540631,0.011232536309104073,0.0022737571514247486,0.023872874970267903,0.010406385385374878,0.0,0.0,0.5220619463047527,TOA PAYOH,HDB 5 ROOM
143,"1.334661, 103.845363",0.002911159314036673,0.2473329009829305,0.006602308275616462,0.01169125032554326,0.0018900850083871884,0.030790073554453873,0.01542675351838569,0.0,0.0,0.31373337166531695,TOA PAYOH,HDB 5 ROOM
144,"1.33472135, 103.8655948",0.006855063585145923,0.0563166515715854,0.004178025361220777,0.009923420633838836,0.0,0.010994370360035947,0.013987477030009812,0.008325582148908264,0.0,0.10372552710559903,TOA PAYOH,HDB EXECUTIVE
145,"1.3347841, 103.8658706",0.007139416236641119,0.05821337999056704,0.004312403590703445,0.01025507580418597,0.0,0.010623278817952459,0.014032976193140824,0.008714107139965304,0.0,0.10615122153651504,TOA PAYOH,HDB EXECUTIVE
146,"1.33495375, 103.8652624",0.00798814267491755,0.06819927897715339,0.0038251815514498107,0.009408747508619761,0.0,0.010366643265344208,0.009117846732911081,0.00761166036797521,0.0,0.10852935840345347,TOA PAYOH,HDB EXECUTIVE
147,"1.335217, 103.846142",0.0030943873044489696,0.2840789437036194,0.006551116066314417,0.012111113128883393,0.0018413578545222445,0.028917377841228917,0.017010235021999793,0.0,0.0,0.3505101436165682,TOA PAYOH,HDB 5 ROOM
148,"1.3353046, 103.8654959",0.005693296329225498,0.06286441489969057,0.0037386189034022263,0.009560012406218742,0.0,0.009373249394678719,0.012546380712962607,0.007588702931964815,0.0,0.10567137924891767,TOA PAYOH,HDB EXECUTIVE
149,"1.3354678, 103.8651772",0.007261003481253124,0.06070292168260637,0.0034991349513002782,0.009135350893104103,0.0,0.009036283118487216,0.008055400994819524,0.0070643496473769924,0.0,0.09749344128769448,TOA PAYOH,HDB EXECUTIVE
150,"1.335606, 103.85002",0.006956694189462797,0.28209582956863777,0.004334802374550132,0.012071236034876292,0.0016951134126700473,0.027528182706899367,0.010112157635143173,0.0,0.0,0.3378373217327768,TOA PAYOH,HDB 5 ROOM
151,"1.3356302, 103.8658411",0.005479585672459615,0.05874035395449156,0.005695259130228782,0.00986579251611415,0.0,0.008546630628159024,0.012149490770998077,0.007664553279400266,0.0,0.10266208027939186,TOA PAYOH,HDB 5 ROOM
152,"1.335767, 103.847688",0.003542421069375968,0.35534386511775873,0.006480572788463786,0.013087274049737828,0.0017715067730109978,0.03838494255000076,0.015290166860494742,0.0,0.0,0.43035832813946684,TOA PAYOH,HDB 5 ROOM
153,"1.33577, 103.846773",0.003160646317609008,0.3209571979251688,0.006222673813600198,0.012489974903821671,0.0017240658012507505,0.03651604315678199,0.016117150996616942,0.0,0.0,0.39402710659724033,TOA PAYOH,HDB 5 ROOM
154,"1.336258, 103.844796",0.002393886813837133,0.2570812955661187,0.0031148059340298765,0.011995102212549631,0.0014019179991199358,0.027755899255333002,0.014057254525006505,0.0,0.0,0.3154062754921576,TOA PAYOH,HDB 5 ROOM
155,"1.336272, 103.845503",0.002581296327117073,0.2734355915961312,0.003349815145363686,0.01204903126090049,0.001472936316833738,0.030550887573303286,0.01727564881192636,0.0,0.0,0.33813391070445875,TOA PAYOH,HDB 5 ROOM
156,"1.336275, 103.843925",0.0021833316878787346,0.22371372660391156,0.0028232275610684814,0.012214069251369385,0.0013024450129745246,0.02651011179795444,0.014927197868662676,0.0,0.0,0.2814907780959411,TOA PAYOH,HDB 5 ROOM
157,"1.336712, 103.845592",0.004999942341105484,0.6057335183059955,0.006312923082603485,0.02425793216501189,0.002777368919533924,0.06383351113229373,0.03412999371882977,0.0,0.0,0.7370452473242683,TOA PAYOH,HDB 5 ROOM
158,"1.336714, 103.843992",0.0021332723638973075,0.2399429217414598,0.0027074017838129684,0.012339643824395122,0.001244462463668068,0.026049948156755078,0.014292061239565529,0.0,0.0,0.2965764392096566,TOA PAYOH,HDB 5 ROOM
159,"1.33785645, 103.7441196",0.003397381586908028,0.09249161433848407,0.015839943514709364,0.005303484457813352,0.0,0.010673254008221124,0.00591529478392418,0.0,0.0,0.1302235911031521,JURONG EAST,HDB EXECUTIVE
160,"1.3378836, 103.7466203",0.002465490444004663,0.06775198631091692,0.01439537744377079,0.0041873511757271695,0.0,0.004760609705271489,0.005114966353856738,0.0,0.0,0.0962102909895431,JURONG EAST,HDB EXECUTIVE
161,"1.337998, 103.7449941",0.0029802185237157537,0.08063946176017281,0.015142076474117624,0.004830192281177661,0.0,0.009821978319034147,0.005806881981064043,0.0,0.0,0.11624059081556629,JURONG EAST,HDB EXECUTIVE
162,"1.33834445, 103.7444535",0.005066302577887783,0.08620762097987542,0.01436411766180429,0.004763292826734413,0.0,0.010655829027624502,0.006318741174592759,0.0,0.0,0.12230960167063139,JURONG EAST,HDB EXECUTIVE
163,"1.338514, 103.847747",0.0024278540133167866,0.2578093351170259,0.002654122062074493,0.013972887760476288,0.0011503082195258442,0.04653372854711205,0.022389155437799513,0.0,0.0,0.3445095371440141,TOA PAYOH,HDB 5 ROOM
164,"1.338738, 103.847264",0.00229990298141972,0.2635842952675501,0.002546443400363276,0.013319700610539286,0.0011141790734600391,0.043718851471716585,0.026791011532652106,0.0,0.0,0.35107448135628144,TOA PAYOH,HDB EXECUTIVE
165,"1.33879, 103.846872",0.0022338033631065955,0.28021275311368615,0.002501792739225112,0.012878936160693355,0.0011010009158174566,0.03427930453528457,0.02692003935793852,0.0,0.0,0.35789382682264514,TOA PAYOH,HDB EXECUTIVE
166,"1.339134, 103.846198",0.0020691647365195446,0.305451077424987,0.0023378419406895005,0.009349276470850348,0.0010427816256251665,0.030204382135449404,0.027726585150472098,0.0,0.0,0.37611194474807347,TOA PAYOH,HDB 5 ROOM
167,"1.339155, 103.84758",0.0022311343875239136,0.2539773585042755,0.0024201054780764726,0.013791208324075096,0.001062347345795181,0.03983367278035544,0.02770024166545863,0.0,0.0,0.33878493409803634,TOA PAYOH,HDB EXECUTIVE
168,"1.339753, 103.847263",0.002058721978034642,0.24703363477835807,0.002229835973267205,0.010276437741904022,0.0,0.03624369064095347,0.02906827145069544,0.0,0.0,0.3248518705851782,TOA PAYOH,HDB EXECUTIVE
169,"1.340434, 103.852178",0.007523683886020233,0.2054690555584785,0.0,0.02366055581937486,0.0,0.029270249765847963,0.03407245733933983,0.0,0.0,0.29247231848304117,TOA PAYOH,HDB EXECUTIVE
170,"1.34081, 103.850815",0.004922061026007649,0.2131977962320954,0.0,0.02627587846477688,0.0,0.02699886411936758,0.038212297715064694,0.0,0.0,0.3046848365313045,TOA PAYOH,HDB EXECUTIVE
171,"1.34351825, 103.759251",0.003698571813429881,0.08756442463173926,0.0,0.0,0.0012808702453496932,0.016493999883133055,0.03709626659608736,0.0,0.0,0.14243556135630936,BUKIT BATOK,HDB EXECUTIVE
172,"1.34456145, 103.8512803",0.006104552316644522,0.13883815061047877,0.0027505698947208512,0.009605578892178048,0.0,0.035760957181968,0.05348371345700604,0.0,0.0,0.24043897003635173,BISHAN,HDB EXECUTIVE
173,"1.3446019, 103.7606773",0.00368616672138081,0.0343495663342141,0.0,0.0,0.0017118993238953986,0.013255442949634669,0.022027448146626032,0.0,0.0,0.0713443567543702,BUKIT BATOK,HDB EXECUTIVE
174,"1.34485265, 103.8483917",0.004348658184684046,0.15263421599683435,0.0031294387575225542,0.009245477672281552,0.0,0.040974710237594365,0.04871738749254603,0.0,0.0,0.2547012301567788,BISHAN,HDB EXECUTIVE
175,"1.34513835, 103.8479797",0.0044775176743764265,0.15229745288198965,0.0032676819810814653,0.009128809603409149,0.0,0.033356453321104845,0.044113776177355735,0.0,0.0,0.24216417396494083,BISHAN,HDB EXECUTIVE
176,"1.3455328, 103.852133",0.006472531824135408,0.1440255793666946,0.0029552578294375397,0.008785055452370825,0.0,0.026043868817401165,0.03552802225762878,0.0,0.0,0.2173377837235329,BISHAN,HDB EXECUTIVE
177,"1.3460976, 103.8504651",0.006379031865981457,0.16749003636910187,0.003739592605173018,0.009453732294109497,0.0,0.04092185462498166,0.047436220431822426,0.0,0.0,0.26904143632518845,BISHAN,HDB EXECUTIVE
178,"1.3470286, 103.8499883",0.009994458485503994,0.23391839485677918,0.004769029969927253,0.010159981719748846,0.0,0.03584612339583,0.03835516273205241,0.0,0.0,0.3230486926743377,BISHAN,HDB EXECUTIVE
179,"1.34734, 103.8541587",0.003792430453302514,0.12624940726576175,0.002849141108281371,0.007255509819958097,0.0,0.03390379487200262,0.023513032203708623,0.0,0.0,0.19377088526971248,BISHAN,HDB EXECUTIVE
180,"1.3473414, 103.8504933",0.01068315940433222,0.24768856981653092,0.00487640257241852,0.010070942585027198,0.0,0.02975365844089472,0.035967203336532555,0.0,0.0,0.32835677675140396,BISHAN,HDB EXECUTIVE
181,"1.34762545, 103.8559811",0.0027916382622647615,0.10274310562164407,0.0023006485500046622,0.006264494748691821,0.0,0.0352531694926688,0.02098251634445839,0.0,0.0,0.16754393475746776,BISHAN,HDB EXECUTIVE
182,"1.34776405, 103.8542586",0.0038044968054795985,0.11629610656455296,0.002903747720040248,0.007149809724581785,0.0,0.037897964404481226,0.02407448978436727,0.0,0.0,0.1883221181980235,BISHAN,HDB EXECUTIVE
183,"1.34814725, 103.8755858",0.0023620648779375,0.06141052148522805,0.007120563431545884,0.013320106495466544,0.0030261907813308245,0.010387220062266467,0.04349723379030408,0.0,0.0,0.13876183604614184,SERANGOON,HDB EXECUTIVE
184,"1.3486161, 103.8518466",0.008139264922423214,0.13654922992646978,0.004893481178849554,0.00938708534854234,0.0,0.020554076897387176,0.028019760264139396,0.0,0.0,0.19940363361538826,BISHAN,HDB EXECUTIVE
185,"1.34940615, 103.852287",0.006630619506039831,0.10858519468199174,0.004817277529439582,0.006213155636657849,0.0,0.020765943772688745,0.028577015854596773,0.0,0.0,0.16895858747537468,BISHAN,HDB EXECUTIVE
186,"1.3496877, 103.875243",0.0028827068423402796,0.08472949638951469,0.008575881938398764,0.01787050908397392,0.002058773996789094,0.009595247382461616,0.028899544387743913,0.004130110050265269,0.0,0.15585956322914726,SERANGOON,HDB EXECUTIVE
187,"1.3497022, 103.8513507",0.009304979265231713,0.11818896556865517,0.006535375712782311,0.00802764126697585,0.0,0.022236719504208725,0.030659298179664084,0.0,0.0,0.18564800023228614,BISHAN,HDB EXECUTIVE
188,"1.3505662, 103.8520485",0.00602270788338857,0.09516819593664928,0.0054455446049700125,0.006949654066246698,0.0,0.02189630188207732,0.03180930279706455,0.0,0.0,0.16126899928700789,BISHAN,HDB EXECUTIVE
189,"1.3512899, 103.8677907",0.0043797687829288424,0.0806883593893351,0.005862508668531742,0.011526823682918578,0.0,0.02859465659944152,0.02517577744525083,0.029773877025152957,0.0,0.18162200281063073,SERANGOON,HDB EXECUTIVE
190,"1.3515453, 103.9448318",0.02047633911206539,0.19086418704319133,0.04129084866705717,0.014878829762739316,0.0012248322930198514,0.05971461160286086,0.028101364495987345,0.0,0.0,0.33607467386485584,TAMPINES,HDB EXECUTIVE
191,"1.351601, 103.8684478",0.005259135186687102,0.0902249170425945,0.006360185556250111,0.011059079816316077,0.0,0.026976613511381753,0.025535166113735207,0.01865598016597736,0.0,0.17881194220625501,SERANGOON,HDB EXECUTIVE
192,"1.35218925, 103.9388144",0.013881844874441275,0.15864784416827513,0.014658549311846045,0.008602666403600419,0.0010941514787098777,0.036659463232836226,0.025699472750833147,0.0,0.0,0.24536214734610082,TAMPINES,HDB EXECUTIVE
193,"1.3525743, 103.8681187",0.005840390653936057,0.0911495460829175,0.0037190097094174607,0.010762563500598187,0.0,0.024839589083554985,0.018321442423292075,0.01641144461688542,0.0,0.16520359541666563,SERANGOON,HDB EXECUTIVE
194,"1.3529683, 103.8675894",0.005285545727811931,0.0965367781880439,0.0032828800681601487,0.010913386319423263,0.0,0.02475399416962154,0.017103520634967048,0.016209935893679746,0.0,0.16880049527389568,SERANGOON,HDB EXECUTIVE
195,"1.3538152, 103.8478793",0.006745203733321615,0.060242966326927924,0.005385320817896349,0.008895634572582911,0.0012175686047886615,0.020399888920038856,0.02759119060563454,0.0,0.0,0.12373256984786925,BISHAN,HDB 5 ROOM
196,"1.3539339, 103.8680585",0.006535848451741299,0.18094342780976022,0.003238147521263203,0.009677301805406985,0.0,0.023916171813028117,0.016585625516989184,0.010925226223049984,0.0,0.2452859006894977,SERANGOON,HDB EXECUTIVE
197,"1.3542732, 103.9378997",0.020591939892953222,0.15337515316896103,0.01834408236924015,0.00712962883991434,0.0012225032013846563,0.030541511127441086,0.02099265204472859,0.0,0.0,0.2316055307516698,TAMPINES,HDB EXECUTIVE
198,"1.35433855, 103.8684271",0.007512993735960875,0.13112823701584367,0.0032605734371914464,0.009154454574258902,0.0,0.02358982187518626,0.016672094242928214,0.00941577479737703,0.0,0.19322095594278552,SERANGOON,HDB EXECUTIVE
199,"1.35437345, 103.8690573",0.010135407977622888,0.1186450741561055,0.0035378035700734272,0.008966900123365162,0.0,0.022891469612332616,0.01708514864035591,0.008599421356654742,0.0,0.17972581745888735,SERANGOON,HDB EXECUTIVE
200,"1.35517855, 103.8468824",0.007416010759191796,0.06246678956753808,0.0036317745451312717,0.005906429368143265,0.002494725125148065,0.018800985818954796,0.03524328739642481,0.0,0.0,0.1285439918213403,BISHAN,HDB EXECUTIVE
201,"1.3551991, 103.8677965",0.005599009421391815,0.10040115173296432,0.0027412235164297736,0.00857969227539902,0.0,0.024837393507791242,0.01235207845222756,0.008196399505647713,0.0,0.15710793899045963,SERANGOON,HDB EXECUTIVE
202,"1.35592825, 103.845164",0.011533517815891873,0.052444522799647744,0.002798156296100605,0.007649101557726767,0.0027114927160840734,0.03286053101965257,0.04660363234778235,0.0,0.0,0.14506743673699413,BISHAN,HDB 4 ROOM
203,"1.3560851, 103.8434704",0.029122936739175338,0.07998580441775974,0.004723202165662164,0.02729289734348527,0.0051596677548511475,0.036592006001295,0.1086354468348197,0.0,0.0,0.262389024517873,BISHAN,HDB 5 ROOM
204,"1.35619605, 103.9395945",0.030138362504128578,0.16981824019198027,0.030766622043697976,0.004826948321345334,0.0018501964796908243,0.02224035317717391,0.015173433437900424,0.0,0.0,0.24467579365178874,TAMPINES,HDB 5 ROOM
205,"1.35638725, 103.8439368",0.040089414603447455,0.07981236447250628,0.004776500830565803,0.014897485395549349,0.0054958813491001995,0.03846019291765984,0.0848805773301253,0.0,0.0,0.22832300229550676,BISHAN,HDB 5 ROOM
206,"1.3564943, 103.8480659",0.006440409171160721,0.06214449819491914,0.0030260496393560575,0.004734235839397872,0.003000061295193918,0.010330692041574068,0.020913317256422474,0.0,0.0,0.10414885426686354,BISHAN,HDB EXECUTIVE
207,"1.35673585, 103.8433772",0.026185919992018743,0.04043166023522025,0.002204410739571482,0.010504081455395525,0.002790500400959646,0.014453095430718349,0.041360410198500085,0.0,0.0,0.11174415846036534,BISHAN,HDB 5 ROOM
208,"1.35722645, 103.8496612",0.005204492516294621,0.0603978422610437,0.0026845043297161826,0.007327135997025046,0.003076330520428064,0.011238782826768969,0.016236901878977965,0.0,0.0,0.10096149781395994,BISHAN,HDB EXECUTIVE
209,"1.35731545, 103.8458132",0.008950026296658422,0.06099986152725566,0.0024515055525904253,0.007150961876065299,0.003464233956377222,0.013833896383111811,0.023709142842671505,0.0,0.0,0.11160960213807192,BISHAN,HDB EXECUTIVE
210,"1.3580767, 103.8481948",0.004030266824196622,0.051439194798012164,0.0023957776499319455,0.007042867004230562,0.004127752633603413,0.012534856951538085,0.013789547476288768,0.0,0.0,0.09132999651360493,BISHAN,HDB EXECUTIVE
211,"1.3584372, 103.8483076",0.003867552344035176,0.05210137351606112,0.0022883337694053186,0.007028084520341782,0.004502309890431557,0.012220909277805485,0.013008986749750609,0.0,0.0,0.09114999772379587,BISHAN,HDB EXECUTIVE
212,"1.3588413, 103.8438535",0.013715033041113394,0.1040056688009765,0.0,0.004651262875965378,0.0039501496123404214,0.008656568250254739,0.031674218652172174,0.0,0.0,0.1529378681917092,BISHAN,HDB EXECUTIVE
213,"1.3589468, 103.8424194",0.010637683581326156,0.04326539968094431,0.0,0.008991480450226637,0.003510158094145322,0.007427291518110273,0.03083241642833562,0.0,0.0,0.09402674617176217,BISHAN,HDB 5 ROOM
214,"1.3592269, 103.8435598",0.011515402051575741,0.07945573007026825,0.0,0.0050468544636096315,0.004102842890158524,0.007802471049228433,0.030604888217179452,0.0,0.0,0.1270127866904443,BISHAN,HDB EXECUTIVE
215,"1.359469, 103.8434496",0.010550348317468062,0.07110726535856643,0.0,0.005261874490653015,0.004232394335751738,0.007379180676304572,0.030037372852289218,0.0,0.0,0.11801808771356496,BISHAN,HDB EXECUTIVE
216,"1.35986965, 103.8445309",0.009142568081574657,0.10135430963872127,0.0,0.004548713486594636,0.005056098201476499,0.011391393818819196,0.029056637992248936,0.0,0.0,0.15140715313786055,BISHAN,HDB EXECUTIVE
217,"1.3604704, 103.8439112",0.008393243855474863,0.07195172098413778,0.0,0.005242178228273152,0.005363467844137838,0.01048014381382675,0.02886994140559894,0.0,0.0,0.12190745227597446,BISHAN,HDB EXECUTIVE
218,"1.3620254, 103.8390037",0.0060920632045214805,0.05125890509777956,0.0,0.0,0.0029007831719414044,0.01094958290374316,0.02413835834554041,0.0,0.0,0.08924762951900454,BISHAN,HDB EXECUTIVE
219,"1.3634306, 103.9617562",0.0020219580384771042,0.05068912280550948,0.003791879848335153,0.0,0.0,0.02118665921195638,0.018303897224807058,0.0,0.0,0.09397155909060807,PASIR RIS,HDB EXECUTIVE
220,"1.36477835, 103.8442211",0.010689838970427485,0.11066420751448938,0.009682326045551599,0.011654237071755617,0.008803675939935907,0.010864819811465955,0.04300522325879688,0.0,0.0,0.19467448964199535,ANG MO KIO,HDB 5 ROOM
221,"1.36495585, 103.843818",0.0115510778294606,0.11376492662970351,0.009624788132458584,0.011619197569260949,0.008422128115212873,0.010953410183173851,0.044464421799930334,0.0,0.0,0.1988488724297401,ANG MO KIO,HDB 5 ROOM
222,"1.3654298, 103.9570013",0.0028517668376213876,0.07382374060517795,0.0022641171680758405,0.0,0.0022011602044442772,0.018705088736588237,0.04434755202475956,0.0,0.0,0.14134165873904586,PASIR RIS,HDB EXECUTIVE
223,"1.36895025, 103.8338372",0.002203559058012112,0.04112400196237104,0.0,0.007715454406806762,0.0,0.023624602916191905,0.03790097894964231,0.0,0.0,0.11036503823501202,ANG MO KIO,HDB 5 ROOM
224,"1.36925685, 103.8340847",0.002241578203795862,0.04599440736183516,0.0,0.007429790371741249,0.0,0.024595076487596672,0.040714876008470624,0.0,0.0,0.1187341502296437,ANG MO KIO,HDB 5 ROOM
225,"1.3695505, 103.8465558",0.013378662183803972,0.1960851719808793,0.029686276550483347,0.012854436996320474,0.004703702835170893,0.017057104473531124,0.04833876778011509,0.0,0.0,0.3087254606165002,ANG MO KIO,HDB 5 ROOM
226,"1.36971005, 103.8937544",0.012244935908296475,0.1268659014090036,0.006280955505359977,0.015506955895318298,0.0010092759772667027,0.023480006981358596,0.005578673678879073,0.0,0.0,0.1787217694471863,HOUGANG,HDB EXECUTIVE
227,"1.3697969, 103.9496859",0.006549013287389486,0.05819832431386823,0.00690951881082772,0.008269964030828024,0.004350143432265764,0.02858773177078649,0.009171139885704116,0.0,0.0,0.11548682224428033,PASIR RIS,HDB EXECUTIVE
228,"1.37016475, 103.8936814",0.014491596575664789,0.1527094919272251,0.0074598390907078226,0.018236903426784214,0.0010531546064518277,0.022030077345293206,0.005888560159866022,0.0,0.0,0.20737802655632823,HOUGANG,HDB EXECUTIVE
229,"1.3715979, 103.8391821",0.005504453244374079,0.09681076258334875,0.006845019998131344,0.0,0.0,0.0271475062227403,0.03669083248275323,0.0,0.0,0.16749412128697364,ANG MO KIO,HDB EXECUTIVE
230,"1.3727536, 103.8523889",0.00321929246325042,0.19501627894077408,0.013827030207893073,0.010465784569666112,0.003057556554845141,0.058792730197860965,0.01908080368828262,0.004470020922339775,0.0,0.3047102050816618,ANG MO KIO,HDB 5 ROOM
231,"1.37316025, 103.8959609",0.017467921506591863,0.11239388405688112,0.007993185098582573,0.006035399114282993,0.0018499682345488402,0.01809324855451707,0.014673716002753386,0.0,0.0,0.16103940106156597,HOUGANG,HDB EXECUTIVE
232,"1.374027, 103.872104",0.004181811942505036,0.11236955157680928,0.002366286003870677,0.0,0.0,0.01347955459251096,0.005681573103984515,0.0,0.0,0.13389696527717543,SERANGOON,HDB EXECUTIVE
233,"1.376726, 103.8411212",0.002236836243706373,0.07235026213987153,0.007176459843838184,0.0073906259944290995,0.0,0.020907808707165913,0.01474889371286959,0.010984441104236742,0.0,0.13355849150241106,ANG MO KIO,HDB EXECUTIVE
234,"1.37770445, 103.9433931",0.00462509676958056,0.10114927718387784,0.002182921160868458,0.003599334170604311,0.0,0.023818781092426765,0.0,0.006323925391662763,0.0,0.13707423899944016,PASIR RIS,HDB EXECUTIVE
235,"1.3780795, 103.7646934",0.0022045464172662354,0.09486957340787414,0.031832560196110096,0.012642713541887828,0.0,0.021831317943751597,0.01260400007995994,0.0,0.0,0.1737801651695836,BUKIT PANJANG,HDB EXECUTIVE
236,"1.4180955, 103.8386676",0.015156163183003283,0.12142658019731373,0.00769375122909613,0.004736846900624533,0.0,0.036954631860686475,0.046002640827133796,0.0,0.0,0.21681445101485466,YISHUN,HDB EXECUTIVE
237,"1.41900665, 103.8405845",0.02564042885864545,0.16633828674553303,0.01778765968260086,0.003485067610006064,0.001008249102014247,0.0315522347437347,0.027290014863647852,0.0,0.0,0.24746151274753672,YISHUN,HDB MULTI-GENERATION
238,"1.4201996, 103.8406706",0.01591337543329846,0.11260605799092842,0.008410517009788235,0.0033061470461985213,0.0011620886424625772,0.04885630127233388,0.02562408174964652,0.0,0.0,0.19996519371135818,YISHUN,HDB EXECUTIVE
239,"1.42220665, 103.8407909",0.01169358270489876,0.09942418906451247,0.006512164760564466,0.0,0.0015606204332995499,0.0471749249089157,0.02162657986006229,0.0,0.0,0.17629847902735446,YISHUN,HDB EXECUTIVE
240,"1.4236131, 103.8401624",0.010706430671559495,0.09883959019227424,0.005849922759356297,0.003493383996055234,0.002093920196680598,0.026519744718927537,0.01811041007670984,0.0,0.0,0.15490697194000375,YISHUN,HDB EXECUTIVE
241,"1.4281484, 103.7728197",0.003901345571247916,0.055229670023103715,0.002004358693691856,0.005852018356871874,0.0,0.011969561165332415,0.012641683911786973,0.0,0.0,0.08769729215078684,WOODLANDS,HDB EXECUTIVE
242,"1.4294309, 103.776436",0.00461386503020199,0.05925845031150211,0.0032961426225315057,0.006920797545302985,0.0,0.02266276219929949,0.04056078967316214,0.0,0.0,0.13269894235179824,WOODLANDS,HDB EXECUTIVE
243,"1.429836, 103.7765617",0.0049109255114344495,0.0659638543048205,0.00354903493847319,0.007366388267151674,0.0,0.025741627480272405,0.03318388341246801,0.0,0.0,0.1358047884031858,WOODLANDS,HDB EXECUTIVE
244,"1.4303618, 103.7722656",0.006231733488989884,0.07694539179753132,0.002159121017421209,0.009347600233484826,0.0011566270789582602,0.015129142050467025,0.01515957317641685,0.0,0.0,0.1198974553542795,WOODLANDS,HDB EXECUTIVE
245,"1.44008975, 103.7910815",0.006536481641143819,0.06544478245241539,0.01653215679093187,0.0048853077433615695,0.0,0.03724519332075347,0.02238599745776653,0.005203690668674128,0.0,0.15169712843390296,WOODLANDS,HDB EXECUTIVE
246,"1.44046985, 103.7910479",0.006251399201327229,0.06884919523847427,0.019483213552798674,0.004718932279991307,0.0,0.036953014511252893,0.023322703610349264,0.005398845439069547,0.0,0.15872590463193595,WOODLANDS,HDB EXECUTIVE
247,"1.44065865, 103.7874009",0.005271199172663399,0.08223253946847442,0.013723758975269623,0.010501237811301804,0.0010043854573038202,0.041033156232655216,0.04979428911513346,0.008905337302818828,0.0,0.20719470436295717,WOODLANDS,HDB EXECUTIVE
248,"1.4409042, 103.7940081",0.008013324827954981,0.08576754022960123,0.015809798507283347,0.0070696203347528795,0.0,0.04012342346040619,0.05366958873721387,0.0,0.0,0.2024399712692575,WOODLANDS,HDB EXECUTIVE
249,"1.4420518, 103.7901387",0.0050227920101179515,0.08135073037088257,0.03078521428076878,0.007744522236323336,0.0,0.037708371108660065,0.02512507173961897,0.007085100107061677,0.0,0.1897990098433154,WOODLANDS,HDB EXECUTIVE
250,"1.44210615, 103.7873354",0.0024978847896847027,0.055821557723863796,0.010607435749278566,0.009269436842699324,0.0011224411705138355,0.045904429191735305,0.03135840260130817,0.012912790995381986,0.0,0.16699649427478097,WOODLANDS,HDB EXECUTIVE
251,"1.4423866, 103.7871078",0.0024045452371210542,0.05451406925468126,0.010126968703474239,0.009242888068393906,0.0011729406765357909,0.037865119049246145,0.025795861669468026,0.014835977510956496,0.0,0.15355382493275588,WOODLANDS,HDB EXECUTIVE
252,"1.4443687, 103.7933269",0.004703017353233659,0.0,0.014125374800167602,0.006248138420052538,0.0,0.039997789828703514,0.019035004183024104,0.004634695291843295,0.0,0.08404100252379106,WOODLANDS,HDB EXECUTIVE
253,"1.30118995, 103.798929",0.0,0.03288700719007362,0.0,0.01800404450632257,0.0011181256762291425,0.01634645660738135,0.011718892267592446,0.0,0.0,0.08007452624759913,QUEENSTOWN,HDB 5 ROOM
254,"1.30123507, 103.7971753",0.0,0.04040514503250646,0.0,0.016394223892650585,0.0014295629231227608,0.01117489817700587,0.0074995627251633725,0.0,0.0,0.07690339275044905,QUEENSTOWN,HDB 5 ROOM
255,"1.301237325, 103.7971764",0.0,0.0403858955949159,0.0,0.016418583533238263,0.0014293515086277525,0.011172509111746881,0.007500677304249326,0.0,0.0,0.07690701705277812,QUEENSTOWN,HDB 5 ROOM
256,"1.301237325, 103.7971843",0.0,0.040468754491795225,0.0,0.016468605426221448,0.001427564367648464,0.011192915851285368,0.007512879307129642,0.0,0.0,0.07707071944408014,QUEENSTOWN,HDB 5 ROOM
257,"1.30123958, 103.7971764",0.0,0.040355125527504816,0.0,0.016436030891176817,0.0014293890901614982,0.011167279995129262,0.007500094052141328,0.0,0.0,0.07688791955611372,QUEENSTOWN,HDB 5 ROOM
258,"1.301241835, 103.7971821",0.0,0.04038371917097011,0.0,0.01648981829390105,0.001428136384137314,0.011176730805019396,0.007508305209476653,0.0,0.0,0.07698670986350452,QUEENSTOWN,HDB 5 ROOM
259,"1.301244089, 103.7971731",0.0,0.04025956183689364,0.0,0.016449918898500043,0.0014302117201946403,0.011148354245972329,0.0074938413346288995,0.0,0.0,0.07678188803618954,QUEENSTOWN,HDB 5 ROOM
260,"1.301552773, 103.9084471",0.0,0.11839809853977595,0.014374325244791599,0.0,0.002350120674260612,0.010686139247631479,0.0,0.0,0.0,0.14580868370645964,MARINE PARADE,HDB 5 ROOM
261,"1.30202275, 103.9085952",0.0,0.12122640112656885,0.014427128184106,0.0,0.0023631201234263887,0.011361106326682427,0.0,0.0,0.0,0.14937775576078366,MARINE PARADE,HDB 5 ROOM
262,"1.30345725, 103.9133522",0.0,0.06848955863179591,0.006134808563897911,0.0,0.0031051996062794545,0.01633879030031512,0.012494710442870113,0.0051077090384534654,0.0,0.11167077658361196,MARINE PARADE,HDB 5 ROOM
263,"1.303856937, 103.916527",0.0,0.0499270683923438,0.0,0.0,0.001697796887792887,0.022032445407553197,0.020406640537987023,0.008869710126760568,0.0,0.10293366135243746,MARINE PARADE,HDB 5 ROOM
264,"1.30404515, 103.913509",0.0,0.07702517144907167,0.0021067797394181535,0.0,0.0025701623801229123,0.017692214256948908,0.013666720107255875,0.005379133447807143,0.0,0.11844018138062466,MARINE PARADE,HDB 5 ROOM
265,"1.304090143, 103.9156055",0.0,0.0741239069666193,0.0,0.0,0.0018994651276881772,0.019791134815526655,0.019049032950505897,0.007605101683785877,0.0,0.12246864154412591,MARINE PARADE,HDB 5 ROOM
266,"1.304870985, 103.9186073",0.0,0.041573494866931585,0.0,0.0,0.0011849068885699291,0.04279429959815189,0.030145117223096325,0.019884364924164125,0.0,0.13558218350091386,MARINE PARADE,HDB 5 ROOM
267,"1.3341018, 103.9149474",0.0,0.10680937872206554,0.0,0.012339616123932275,0.0,0.01935336087481482,0.014705079236636621,0.0,0.0,0.15320743495744926,BEDOK,HDB EXECUTIVE
268,"1.33412555, 103.9081231",0.0,0.02959115379955025,0.0,0.0233452604000475,0.0,0.012048444962639949,0.0,0.0,0.0,0.0649848591622377,BEDOK,HDB EXECUTIVE
269,"1.33523585, 103.7709429",0.0,0.024557514812932276,0.004188389409707258,0.003529480826134887,0.0,0.01562914304830869,0.0,0.008562673748642618,0.0,0.05646720184572573,BUKIT TIMAH,HDB EXECUTIVE
270,"1.335348, 103.7709658",0.0,0.024908660681111333,0.004239111741834223,0.0035768597776066305,0.0,0.016001236587450812,0.0,0.008489778016142846,0.0,0.05721564680414585,BUKIT TIMAH,HDB EXECUTIVE
271,"1.3364314, 103.9210442",0.0,0.17672682218131733,0.0,0.007972855539821747,0.003432225133358891,0.03879186317907261,0.008391035508625314,0.0,0.0,0.23531480154219586,BEDOK,HDB 5 ROOM
272,"1.33661545, 103.9212622",0.0,0.19567521320083975,0.0,0.007354938525578598,0.003576232037759201,0.03476946855141951,0.007872654051683027,0.0,0.0,0.24924850636728008,BEDOK,HDB 5 ROOM
273,"1.3366405, 103.9216111",0.0,0.18020500573337117,0.0,0.006795110838045834,0.003793895729995966,0.02974311927239487,0.007370387056065842,0.0,0.0,0.2279075186298737,BEDOK,HDB 5 ROOM
274,"1.337456, 103.842595",0.0,0.1797833196718207,0.002207770082026347,0.01169908158231602,0.001039544611006413,0.02467793304077864,0.013996127834649416,0.0,0.0,0.23340377682259755,TOA PAYOH,HDB 4 ROOM
275,"1.3377003, 103.7753627",0.0,0.04084407929898011,0.008134691857586026,0.010921044894440849,0.0,0.04592986084735229,0.0,0.007864826066454327,0.0,0.11369450296481359,BUKIT TIMAH,HDB EXECUTIVE
276,"1.33782765, 103.7733116",0.0,0.04391913758795209,0.007054810654216239,0.006510526195996458,0.0,0.0260366553230722,0.0,0.007466206076656776,0.0,0.09098733583789377,BUKIT TIMAH,HDB EXECUTIVE
277,"1.3379367, 103.7740109",0.0,0.04476898334788294,0.007744335389778308,0.007340003631155872,0.0,0.027389106599760658,0.0,0.00751585620747634,0.0,0.09475828517605413,BUKIT TIMAH,HDB EXECUTIVE
278,"1.338386, 103.842848",0.0,0.19461515737485163,0.0020779988567662835,0.011312794750127916,0.0,0.024249021853668055,0.01827779258717297,0.0,0.0,0.2505327654225869,TOA PAYOH,HDB 4 ROOM
279,"1.338392, 103.843295",0.0,0.22493242159625856,0.0021465859393297745,0.010525610214121326,0.0,0.023949613445822866,0.01833407777864321,0.0,0.0,0.27988830897417577,TOA PAYOH,HDB 4 ROOM
280,"1.3390216, 103.7754414",0.0,0.04824509659487608,0.011560291363261857,0.015509463042232895,0.0,0.03783546106412247,0.0,0.006105534625059747,0.0,0.11925584668955305,BUKIT TIMAH,HDB EXECUTIVE
281,"1.33936885, 103.7725436",0.0,0.07775735107899995,0.007973619911013956,0.007309824294702203,0.0,0.03114474634647249,0.0,0.00551955894013079,0.0,0.1297051005713194,BUKIT TIMAH,HDB 5 ROOM
282,"1.3396678, 103.772688",0.0,0.10691327131351483,0.008522986497065189,0.007878187176089268,0.0,0.028514822791151435,0.0,0.005322210666703941,0.0,0.15715147844452465,BUKIT TIMAH,HDB 5 ROOM
283,"1.33987, 103.84635",0.0,0.2639717904319392,0.002151109551910693,0.009402271646186238,0.0,0.0273339109677044,0.029446894311548576,0.0,0.0,0.33230597690928904,TOA PAYOH,HDB 5 ROOM
284,"1.3494366, 103.8388065",0.0,0.02490592675483566,0.0,0.030286980514880053,0.0,0.004376121955784946,0.01987969107594324,0.0,0.0,0.0794487203014439,BISHAN,HDB EXECUTIVE
285,"1.3568202, 103.8840619",0.0,0.08516632955104572,0.006179566201527101,0.008777041999921766,0.0,0.010666649213508841,0.010803266676946987,0.0,0.0,0.12159285364295042,HOUGANG,HDB EXECUTIVE
286,"1.35862345, 103.8319548",0.0,0.021076933778574957,0.003893818074193584,0.009688011520691993,0.0,0.015348603443521671,0.004374956592261073,0.0,0.0,0.05438232340924328,BISHAN,HDB EXECUTIVE
287,"1.35919065, 103.8320519",0.0,0.022668309854328633,0.003470148640563475,0.0123749393671079,0.0,0.019960181333516652,0.004663713505380588,0.0,0.0,0.06313729270089725,BISHAN,HDB EXECUTIVE
288,"1.3593394, 103.8307045",0.0,0.015678491617093154,0.003579473319769328,0.01115552665755345,0.0,0.013376143363999065,0.00497043126193523,0.0,0.0,0.04876006622035023,BISHAN,HDB EXECUTIVE
289,"1.3593594, 103.8295354",0.0,0.009015269986817431,0.0035468534067215575,0.007552863069502764,0.0010471264478560695,0.009631641156967706,0.005050949503224734,0.0,0.0,0.035844703571090264,BISHAN,HDB EXECUTIVE
290,"1.3593596, 103.8294519",0.0,0.008907894306364503,0.003538227154547219,0.007518277948009042,0.0010568407189935486,0.009434967036762582,0.005050763516163815,0.0,0.0,0.03550697068084071,BISHAN,HDB EXECUTIVE
291,"1.359374, 103.8332315",0.0,0.024480749322652217,0.0030685990949362724,0.01040864619412672,0.0,0.026537680640102465,0.004490103529348002,0.0,0.0,0.06898577878116569,BISHAN,HDB EXECUTIVE
292,"1.3594297, 103.8292882",0.0,0.00878059854293631,0.0034722243061648325,0.007456557850972262,0.0010733935790767182,0.009123721269549108,0.005098231962095241,0.0,0.0,0.03500472751079447,BISHAN,HDB EXECUTIVE
293,"1.3594518, 103.8887515",0.0,0.10674988281770328,0.005090936623194598,0.006272613768673441,0.0,0.01576334968504825,0.011739857051750539,0.0,0.0,0.1456166399463701,HOUGANG,HDB EXECUTIVE
294,"1.360309, 103.8321247",0.0,0.022779412110637907,0.0028712010219424933,0.012018870189169823,0.0,0.03672430959224679,0.005373808277269902,0.0,0.0,0.07976760119126691,BISHAN,HDB EXECUTIVE
295,"1.362515, 103.8331633",0.0,0.15546888978018,0.002070508008574601,0.012250497820600201,0.0,0.01989282147328113,0.011793781442926175,0.0,0.0,0.20147649852556213,BISHAN,HDB EXECUTIVE
296,"1.3626173, 103.8906035",0.0,0.04744616515184073,0.0028890311114020293,0.007311100868174459,0.0,0.014283747076302755,0.00651168359705099,0.0,0.0,0.07844172780477097,HOUGANG,HDB EXECUTIVE
297,"1.36288995, 103.8898318",0.0,0.051015255947623815,0.003139306649383439,0.007708426841673874,0.0,0.013457675820170038,0.006136653699183276,0.0,0.0,0.08145731895803444,HOUGANG,HDB EXECUTIVE
298,"1.36496055, 103.8540446",0.0,0.2096464374161203,0.00247976796595451,0.01679240284978849,0.002526165550642312,0.020497407531972586,0.013685979262831565,0.0,0.0,0.26562816057730976,ANG MO KIO,HDB EXECUTIVE
299,"1.36586385, 103.8586383",0.0,0.12066389310740652,0.002797530865963076,0.0040234642910452305,0.0,0.01024712405784686,0.005464136963755656,0.0,0.0,0.14319614928601734,ANG MO KIO,HDB EXECUTIVE
300,"1.3681798, 103.857549",0.0,0.18841806322513177,0.002235277156508183,0.007542910223306122,0.0011630698616627876,0.023332364630533838,0.00639818116375168,0.0,0.0,0.22908986626089436,ANG MO KIO,HDB 5 ROOM
301,"1.36833335, 103.8585345",0.0,0.14223659001225666,0.002496805864860498,0.0037125612176796535,0.0010427786810285086,0.022802244453944985,0.005438154529661994,0.0,0.0,0.1777291347594323,ANG MO KIO,HDB 5 ROOM
302,"1.3775341, 103.8393278",0.0,0.04387979621322697,0.0020726991937988735,0.009128685843454457,0.0,0.0243830257075226,0.01221207232184049,0.005395744839565546,0.0,0.09707202411940893,ANG MO KIO,HDB EXECUTIVE
303,"1.37804835, 103.8393935",0.0,0.04207401578248106,0.0020051857441996477,0.00996166906983493,0.0,0.02373357905016746,0.011956047743043301,0.005537358595002848,0.0,0.09526785598472924,ANG MO KIO,HDB EXECUTIVE
304,"1.37873095, 103.8369493",0.0,0.02067092916605514,0.0,0.011501360770075738,0.0,0.02414820986187484,0.010607943843061386,0.0040621924801564945,0.0,0.07099063612122358,ANG MO KIO,HDB EXECUTIVE
305,"1.40355645, 103.897684",0.0,0.1909974739209751,0.0034651996795382737,0.005452390522118714,0.0010079252348257576,0.03794547430275881,0.01125607518875046,0.0,0.0,0.25012453884896707,PUNGGOL,HDB 5 ROOM
306,"1.4037191, 103.8975203",0.0,0.19061721970524204,0.003431290356651142,0.005337486804047037,0.0,0.036025909326669596,0.01087488613461756,0.0,0.0,0.24628679232722736,PUNGGOL,HDB 5 ROOM
