,Coordinates,FairpricePoints,HosPoints,MallPoints,MRTPoints,ParksPoints,PriSchPoints,SecSchPoints,TertairyPoints,UniPoints,Area,Location_Type,Link,floor_area_sqm,remaining_lease,Sale_Price
0,"1.282259, 103.826338",0.011454440697742763,0.21965770007402785,0.004179467956766282,0.006712458456544423,0.0018043781194911626,0.027290529952407945,0.009587993289924112,0.0,0.0,Hougang,HDB 3 Room,https://www.99.co/singapore/sale/property/109-hougang-avenue-1-hdb-gQCnJCS5badbDpeH6D8act,59,79,450000
1,"1.283514, 103.826187",0.009682976206679364,0.20506647099499448,0.0055251249448796955,0.00943270835891171,0.0023971260405391123,0.05698661381317213,0.009890790136415552,0.0,0.0,Ang Mo Kio,HDB 3 Room,https://www.99.co/singapore/sale/property/419-ang-mo-kio-avenue-10-hdb-b83xY7xfvR89iG34cPuFjK,55,88,450000
2,"1.2836169000000002, 103.82526766016466",0.009356044134639242,0.19196423015906447,0.004782778252669606,0.008367774707694366,0.0026332493567636454,0.0436773402037273,0.010422970615847568,0.0,0.0,Marine Crescent Ville,HDB 5 Room,https://www.srx.com.sg/listings/99529201/for-sale-marine-crescent-ville-1-km-to-tao-nan-and-upcoming-mrt,51,126,738000
3,"1.28651445, 103.82909641058545",0.007101831614894198,0.3543796839751313,0.01761608124814223,0.01906111284049861,0.0020804705489208303,0.014732373951774996,0.010291787552990397,0.0,0.0,Compassvale Walk,HDB 5 Room,https://www.srx.com.sg/listings/99104811/for-sale-compassvale-walk-compassvale-walk,76,121,599999
4,"1.2866077, 103.8213624397755",0.009256684736218957,0.10681913478216211,0.0027242367399724996,0.00948843643314451,0.002599938225568842,0.019215780864238648,0.01894880005427315,0.0,0.0,Buangkok Crescent,HDB 1 Bed,https://www.99.co/singapore/sale/property/998a-buangkok-crescent-hdb-nSiH9mfR48wfsSrWFPFiUt,94,46,368888
5,"1.2873399, 103.8308684",0.005959899829702641,0.15792482735197388,0.00846117328049029,0.017687931522274648,0.0014800278926633658,0.010890866440539954,0.010448284218403093,0.0,0.0,Tampines,HDB 4 Room,https://www.99.co/singapore/sale/property/361-tampines-street-34-hdb-9275u7BHF6faAnqPfCvfAJ,72,127,720000
6,"1.2927719, 103.80842240563408",0.014294948782008689,0.04958029269146846,0.00873864910392835,0.011704614265755859,0.0,0.010878990162939948,0.019163912404240566,0.0,0.0,Bukit Batok West,HDB 4 Room,https://www.99.co/singapore/sale/property/461a-bukit-batok-west-avenue-8-hdb-UrskP8bYGdATFpxRtGBvUV,95,92,680000
7,"1.3009377500000001, 103.85398119999999",0.003545625651142871,0.2307466590728418,0.07016941946340031,0.04686900492415153,0.0023286939439124132,0.0,0.006552589989871226,0.02664375190680444,0.0058167003893886005,Joo Seng,HDB 2 Room,https://www.99.co/singapore/sale/property/9-joo-seng-road-hdb-AucyrHsu3qaRgdFvX25dxj,93,68,580000
8,"1.3021372, 103.8836242",0.003177891515248937,0.013668938162147874,0.0024872426744143926,0.012866271285789228,0.0,0.0,0.010027209388465269,0.0,0.0,Jurong East,HDB 5 Room,https://www.srx.com.sg/listings/99509571/for-sale-jurong-east-street-32-spacious-5rm-model-a-corner-high-floor-bright-an,59,131,418000
9,"1.307321, 103.7956057",0.004953092568337013,0.08257242334801543,0.010170614818815869,0.015727116561863416,0.001226918155289275,0.0,0.0,0.0,0.0,Bukit Batok West,HDB 4 Room,https://www.srx.com.sg/listings/100438401/for-sale-bukit-batok-west-avenue-8-bukit-batok-west-avenue-8,60,103,560000
10,"1.307525, 103.79915115",0.0026665957336759905,0.04713418276898169,0.0036475704939301803,0.010475920026573746,0.0,0.004257029852238094,0.004734985203418665,0.0,0.0,Lorong 5 Toa Payoh,HDB 3 Room,https://www.srx.com.sg/listings/100213381/for-sale-lorong-5-toa-payoh-lorong-5-toa-payoh,49,61,1020000
11,"1.3127562, 103.76900240541246",0.011439723865007582,0.1250117906364794,0.012220356350407243,0.0062506192673972925,0.0,0.01531622239199991,0.044357435603486935,0.0,0.0,Senja Link,HDB 5 Room,https://www.99.co/singapore/sale/property/652-senja-link-hdb-YrG7dkhSFCPiAkRbmHo5HC,77,10,638888
12,"1.3146262, 103.8562822",0.010288243031383551,0.22519396040847714,0.009381399359529481,0.014284931612841719,0.0,0.011325275578776647,0.007369852701114741,0.0,0.0,Ang Mo Kio,HDB 4 Room,https://www.99.co/singapore/sale/property/426-ang-mo-kio-avenue-3-hdb-7zbvCnL6rJAAYAAXHwnz5t,54,91,500000
13,"1.31493535, 103.87008954578724",0.008480327880988042,0.08372754560366784,0.0,0.015483598425275198,0.00110556063080161,0.004031703993384555,0.0,0.0,0.0,Mei Link,HDB 3 Room,https://www.99.co/singapore/sale/property/160-mei-ling-street-hdb-c87sWDQgjjgubtNhkhcrwA,46,71,430000
14,"1.3175955, 103.7693303",0.008811465084179827,0.0,0.009192026177900525,0.005593227793044095,0.0,0.02811391180730442,0.016083128372118036,0.0,0.0,Pasir Ris,HDB Executive,https://www.99.co/singapore/sale/property/582-pasir-ris-street-53-hdb-MB7eKXadY3TsqXLwKM8Pc8,71,146,900000
15,"1.31849105, 103.94384629895677",0.002871710031397802,0.08077277400477133,0.0,0.004857916656537254,0.0,0.020695875452066175,0.013666984838014377,0.004056346927026262,0.0,Bishan,HDB 4 Room,https://www.99.co/singapore/sale/property/290-bishan-street-24-hdb-F5AjSggZUDkj4NKSA4uf3p,74,102,730000
16,"1.32034495, 103.90084855164727",0.005971434252406733,0.07779007672718267,0.008881002224596868,0.007846471785739568,0.0,0.014894822514909482,0.004949437605755927,0.0,0.0,Ang Mo Kio,HDB 5 Room,https://www.srx.com.sg/listings/99759021/for-sale-ang-mo-kio-avenue-6-rarely-available-unit-in-the-heart-of-ang-mo-kio,79,111,700000
17,"1.3214131, 103.76595706413028",0.004285873726551678,0.06480462787209762,0.0052101668017625015,0.00415826719342791,0.0,0.020021214350570832,0.005113644093062149,0.0,0.0,Hougang,HDB 4 Room,https://www.99.co/singapore/sale/property/976-hougang-street-91-hdb-mkn3R5w87DFoy38rCm8rnt,75,100,598000
18,"1.32157225, 103.73692739888344",0.003078669403954011,0.034258821238117354,0.0,0.0,0.0,0.0,0.0040054445651381615,0.0,0.0,Serangoon,HDB 3 Bed,https://www.99.co/singapore/sale/property/237-serangoon-avenue-3-hdb-4mRFtWDMjCStHoqXvn5sQ9,61,83,588000
19,"1.3235764, 103.91188732693576",0.01770265038273829,0.0492740057618334,0.0,0.013837092005740303,0.0,0.018893810154611734,0.0,0.0,0.0,Tampines,HDB Executive,https://www.99.co/singapore/sale/property/740-tampines-street-72-hdb-4hD5UCp5Znr4wRePkNgPHq,73,140,840000
20,"1.32373105, 103.92413737041167",0.029205890855099587,0.07351053121794829,0.008641820198723895,0.00443601071789762,0.0,0.01733252147403057,0.01595559454889296,0.0,0.0,Yishun,HDB 4 Room,https://www.srx.com.sg/listings/99314501/for-sale-yishun-street-41-yishun-street-41,89,93,358000
21,"1.3244152, 103.85823245",0.009605174757492193,0.09390144535684956,0.0,0.0,0.0,0.018228738066652313,0.0223779150324596,0.0,0.0,Pasir Ris,HDB Executive,https://www.99.co/singapore/sale/property/220-pasir-ris-street-21-hdb-cQAqfAGiUGcD2A2tfc2FcW,69,147,830000
22,"1.32737635, 103.72313820995441",0.006250116807363973,0.11789870930126566,0.0023979642929712382,0.0,0.0011544718324661008,0.0,0.011793106155473885,0.0,0.0,Woodlands,HDB Executive,https://www.99.co/singapore/sale/property/167-woodlands-street-11-hdb-BuXUFijNpnTbV4bn2yyFnr,70,163,1068000
23,"1.3281545000000001, 103.9388661968753",0.009896425203094677,0.18350258811514103,0.002459857466083621,0.006559476071783667,0.0,0.02796479801245311,0.029399366998454215,0.0,0.0,Yishun,HDB Executive,https://www.99.co/singapore/sale/property/606-yishun-street-61-hdb-BZM94XrBWsnHhK3nDEYN4k,63,141,830000
24,"1.32977185, 103.92899194195202",0.0061361434555702405,0.16572176063569785,0.011395612265859797,0.008301467701461637,0.0013686684304545298,0.02378442881598498,0.01289757187773007,0.0,0.0,Tampines,HDB 4 Room,https://www.99.co/singapore/sale/property/251-tampines-street-21-hdb-5KFEjLFcrikuPfEpUpLLV7,61,101,595000
25,"1.3304833, 103.84502432715232",0.005318764347605982,0.1617331459565783,0.013077209748923426,0.004753926438219166,0.0030150727216415856,0.02252570456981788,0.011652276925533429,0.0,0.0,Queen,HDB 3 Room,https://www.99.co/singapore/sale/property/271-queen-street-hdb-ZCtuQHTmrZ4yrRTU5XB3hk,55,68,630000
26,"1.3309291, 103.94020984896795",0.00899391167981591,0.19653018296774316,0.0,0.007122716175081381,0.0,0.028364844364762238,0.044553634189057376,0.0,0.0,Ang Mo Kio,HDB 3 Room,https://www.srx.com.sg/listings/100606211/for-sale-ang-mo-kio-avenue-5-ang-mo-kio-avenue-5,57,68,599999
27,"1.3310533, 103.92192894307725",0.0025694011911777674,0.11592769455862331,0.0,0.005393781975157139,0.0015808459083835227,0.014667219035933246,0.02354457406439634,0.0,0.0,Hougang,HDB 3 Room,https://www.99.co/singapore/sale/property/123-hougang-avenue-1-hdb-Kreyf4Xy5s6fXmZfKZp6RV,57,66,378000
28,"1.3336044999999999, 103.85520706263839",0.007235151459842,0.13725125702327742,0.002563711222376098,0.008844732467015302,0.0011576495724641448,0.01955860959435678,0.004139356271601572,0.0,0.0,Serangoon,HDB 5 Room,https://www.99.co/singapore/sale/property/310-serangoon-avenue-2-hdb-VjuPHV8fRXFzhG5mRvy6Vm,61,120,800000
29,"1.3342282, 103.93982195090473",0.008999734849663214,0.07054288073368167,0.0,0.004307514766515004,0.0,0.04461537449045542,0.030866470034921732,0.0,0.0,Marsiling Greenview,HDB 3 Room,https://www.srx.com.sg/listings/100631531/for-sale-marsiling-greenview-woodlands-street-13,95,68,460000
30,"1.33453395, 103.86643904692839",0.00881848337303884,0.06504700479467494,0.004958427478584584,0.011204627861915298,0.0,0.010805287369711085,0.01504177483568335,0.010211225292767547,0.0,Ang Mo Kio,HDB 3 Room,https://www.99.co/singapore/sale/property/182-ang-mo-kio-avenue-5-hdb-ac5VsmN97gF9YyqQ2BP7Wc,57,68,390000
31,"1.33471975, 103.85230273263656",0.008423943476078454,0.2540756711158201,0.003698067139602249,0.011956672067324925,0.0015275271849606448,0.020601568962433682,0.005091404445197836,0.0,0.0,Anchorvale,HDB 5 Room,https://www.srx.com.sg/listings/100619821/for-sale-anchorvale-drive-anchorvale-drive,78,110,400000
32,"1.3349051, 103.87943952124174",0.00573208577805617,0.05272721644040567,0.0,0.009460733628005194,0.0,0.009242661779749719,0.01745667143384868,0.0,0.0,Anchorvale Crescent,HDB 4 Room,https://www.99.co/singapore/sale/property/338b-anchorvale-crescent-hdb-CQt3nnNqaGT9USqrfUkpH7,94,92,600000
33,"1.3363019, 103.85148137626547",0.00693010958838796,0.22614372764474516,0.0032944418412196082,0.012709363457844673,0.0013636309686882863,0.02303711716639372,0.010720651391559389,0.0,0.0,Senja,HDB 5 Room,https://www.99.co/singapore/sale/property/655-senja-road-hdb-WcLvNKgbwMSj27PiLRXsK7,77,109,535000
34,"1.3364868, 103.8588206072868",0.006787227120142444,0.07244832459572667,0.0,0.003236898635835577,0.0,0.02313007267553391,0.004271766581446397,0.0,0.0,Bedok South,HDB 5 Room,https://www.99.co/singapore/sale/property/66-bedok-south-avenue-3-hdb-GxH9sAiy2yDHrSUq6uzeHe,53,123,740000
35,"1.3370704, 103.85147710032723",0.006488233825868781,0.2114177501159248,0.0029436724407001526,0.014128269769706533,0.0012392279939055554,0.027877366308677987,0.012162842783702128,0.0,0.0,Simei,HDB Executive,https://www.srx.com.sg/listings/100549161/for-sale-simei-street-1-simei-street-1,63,146,1020000
36,"1.3380570999999999, 103.69657434885107",0.0020448812716436773,0.11862462809192124,0.006922395144952158,0.022563038511974297,0.0,0.03349068878748568,0.01572491088960353,0.0,0.0,Toa Payoh North,HDB 3 Bed,https://www.99.co/singapore/sale/property/202-toa-payoh-north-hdb-N9MwuJ39bgTP6gm7xJHpf2,49,86,460000
37,"1.3382418, 103.84855917460685",0.004736726700280438,0.28008220859627997,0.0027795317547090483,0.012363839502796991,0.0011891871785738807,0.040783726607373914,0.022083543035073337,0.0,0.0,Choa Chu Kang,HDB Executive,https://www.srx.com.sg/listings/100164911/for-sale-choa-chu-kang-avenue-4-choa-chu-kang-avenue-4,73,143,618000
38,"1.3387726500000001, 103.73564735233461",0.004939202138918929,0.10735580327077714,0.004634650057414813,0.008655772247300665,0.0019009487931605576,0.02018363150944993,0.004113187303634384,0.0,0.0,Clementi,HDB 3 Room,https://www.99.co/singapore/sale/property/345-clementi-avenue-5-hdb-AryVKTtLEn2WRAz4tNGFWU,55,81,490000
39,"1.3407551, 103.73803364790064",0.0069593601458885004,0.08396902389838667,0.004526388047960893,0.007717110439879146,0.001581353562172615,0.017832707654594757,0.010790459043239792,0.0,0.0,Lorong 4 Toa Payoh,HDB 5 Room,https://www.99.co/singapore/sale/property/62-lorong-4-toa-payoh-hdb-Va8rJVHYi4dojBbcMbzg42,75,120,1015000
40,"1.34150025, 103.8495686451834",0.004689042921839007,0.20434054970590274,0.0,0.011668147341557196,0.0,0.026065660644863518,0.03481592922753398,0.0,0.0,Bukit Batok East,HDB 3 Room,https://www.99.co/singapore/sale/property/237-bukit-batok-east-avenue-5-hdb-DugAVJJVjFzpKijSMvTmbN,61,72,388000
41,"1.3444394499999999, 103.95120185444759",0.010158910992417197,0.12558108812240992,0.007481546147822202,0.008717573047021707,0.0,0.02698068881708804,0.0124526745767981,0.0,0.0,Lorong 4 Toa Payoh,HDB 3 Room,https://www.srx.com.sg/listings/98233311/for-sale-lorong-4-toa-payoh-lorong-4-toa-payoh,45,62,478000
42,"1.34469065, 103.70211148298677",0.002962933252480911,0.09998335816049844,0.009072001943729265,0.007043852969332513,0.0,0.04209173136569161,0.02715595896491916,0.0,0.0,Bedok South,HDB Executive,https://www.srx.com.sg/listings/100559941/for-sale-bedok-south-avenue-2-bedok-south-avenue-2,69,13,505000
43,"1.3447125999999998, 103.95822587882556",0.009307255173218482,0.11053509038207265,0.003218594627695154,0.012002089731990007,0.0,0.013338122406047394,0.005345232377788797,0.0,0.005243173048035715,Whampoa,HDB 4 Room,https://www.srx.com.sg/listings/99773371/for-sale-whampoa-drive-whampoa-drive,50,89,530000
44,"1.34517205, 103.71070161287156",0.01102563712736505,0.10392504345790606,0.002286608067164768,0.0030704614690380307,0.001140376543444479,0.020858410063202854,0.015718713127036592,0.0,0.0,Punggol Walk,HDB 4 Room,https://www.99.co/singapore/sale/property/271c-punggol-walk-hdb-7LH5yxyD2CkxDyurMtYtoE,90,92,680000
45,"1.34555415, 103.94944249989042",0.008412865516994016,0.09641471306077665,0.00819482127299466,0.005211665172967241,0.0,0.03277169670015858,0.011270829794345587,0.0,0.0,Buangkok Link,HDB 1 Bed,https://www.99.co/singapore/sale/property/992a-buangkok-link-hdb-6XTu7kevxtgmE6Dd6r87wd,95,37,348888
46,"1.3462442000000001, 103.7494054077894",0.011402390502171908,0.1110942830952621,0.0046898456035833124,0.00957035282102679,0.0,0.017801279782608283,0.02631505769877588,0.0,0.0,Parkland Residences,HDB 4 Room,https://www.srx.com.sg/listings/99725401/for-sale-parkland-residences-upper-serangoon-crescent,90,92,799000
47,"1.3471761, 103.74126185888107",0.013516639932053633,0.137907140279546,0.0021154243467665945,0.0031605862742613393,0.0,0.028833293006584926,0.036316459944772596,0.009297840677066084,0.0,Pasir Ris,HDB Executive,https://www.srx.com.sg/listings/99380051/for-sale-pasir-ris-street-21-pasir-ris-street-21,69,148,560000
48,"1.3473242, 103.75292058070869",0.00913485771623592,0.10304247086863393,0.003925664897871336,0.007188588798366598,0.0010632308359144504,0.03520132243829676,0.030402276847387864,0.0,0.0,Hougang,HDB 4 Room,https://www.srx.com.sg/listings/100652991/for-sale-hougang-avenue-5-c-h-e-a-p-c-h-e-a-p-c-h-e-a-p-f-u-l-l-y-r-e-n,59,93,638000
49,"1.3473462, 103.74688720406533",0.010062614677759828,0.14072356747590453,0.004976025391072481,0.008434507617515179,0.0,0.01585518170297135,0.023072914183167037,0.00527772222800205,0.0,Jurong East,HDB 5 Room,https://www.99.co/singapore/sale/property/111-jurong-east-street-13-hdb-EvrsHpMAmdRUTv3yaWELu8,57,119,628000
50,"1.347467, 103.75360430077282",0.009386136082828553,0.08195093559084564,0.003547853063471977,0.0062507825174556286,0.0010903642172832347,0.03620353248445488,0.02646922256207459,0.0,0.0,Choa Chu Kang,HDB 4 Bed,https://www.99.co/singapore/sale/property/453-choa-chu-kang-avenue-4-hdb-6QLPcipyuDHC8uPQLWm96r,76,141,739888
51,"1.3475255499999998, 103.85662062676296",0.0025369264793827315,0.09465455845639224,0.0021288714539669626,0.00325423460390928,0.0,0.03159398188575891,0.019374923328558898,0.0,0.0,Yishun,HDB 4 Room,https://www.99.co/singapore/sale/property/506c-yishun-avenue-4-hdb-ayptqxCfhEQfJFQVkEpV6s,94,92,625000
52,"1.34753865, 103.8495469088343",0.014275533067331465,5091.544201359687,0.005702183258787682,0.011063995888500358,0.0,0.030696550974275618,0.039528227270013365,0.0,0.0,Toh Yi,HDB 4 Room,https://www.99.co/singapore/sale/property/1-toh-yi-drive-hdb-YXh6uMhivm87RoVftV2mKT,64,103,950000
53,"1.3476173999999999, 103.73435991274481",0.0068391141382645034,0.03388373255051521,0.0,0.004874371596203017,0.0016248214833531423,0.03073016960058292,0.020096415448209327,0.004725465032564101,0.0,Commonwealth Crescent,HDB 3 Room,https://www.srx.com.sg/listings/100452811/for-sale-commonwealth-crescent-commonwealth-crescent,45,60,418000
54,"1.3479955000000001, 103.94717757200927",0.005799309512057454,0.12697390039466086,0.01184363221968623,0.007439037446245301,0.0,0.04153434810256796,0.015837430691703257,0.0,0.0,Strathmore,HDB 3 Room,https://www.99.co/singapore/sale/property/53-strathmore-avenue-hdb-REDaMm87GYyW9F4Aw278oM,82,61,780000
55,"1.3492268, 103.75426734099452",0.0096674403264997,0.0774126729009111,0.0035400062288676436,0.005766706242577606,0.0013888361532406876,0.02585403007123582,0.021229934902206097,0.0,0.0,Ang Mo Kio,HDB 5 Room,https://www.srx.com.sg/listings/100367171/for-sale-ang-mo-kio-avenue-6-ang-mo-kio-avenue-6,79,110,998000
56,"1.3494693, 103.7553714386543",0.010852037610963735,0.06756386152152698,0.0029278491736225193,0.004656552861257496,0.002427086177881156,0.024882192395558687,0.01955431041649344,0.0,0.0,Sumang Lane,HDB 3 Bed,https://www.99.co/singapore/sale/property/231a-sumang-lane-hdb-42iiccAW4QDpeJkv9ZnXTJ,94,92,618888
57,"1.3495664500000002, 103.83918743465611",0.0020020694004705283,0.0292916464748912,0.0,0.031139277840757505,0.0,0.004582790393337799,0.020659924911806692,0.0,0.0,Woodlands,HDB Executive,https://www.99.co/singapore/sale/property/359-woodlands-avenue-5-hdb-5DF5ErcpER2uDJTobvuPKk,72,150,888888
58,"1.35033715, 103.83828700695312",0.002029525661080278,0.027818954835292807,0.0020007956901995213,0.01754630889889268,0.0,0.00445029645728666,0.01898083007332773,0.0,0.0,Tiong Bahru View,HDB 5 Room,https://www.srx.com.sg/listings/91618701/for-sale-tiong-bahru-view-boon-tiong-road,92,112,500000
59,"1.3510113, 103.7120806",0.0037853702231420076,0.06098332649394461,0.0,0.0,0.0,0.01708141582217415,0.00442924185889652,0.0,0.0,Yishun,HDB 4 Room,https://www.99.co/singapore/sale/property/468a-yishun-street-43-hdb-cW2P3RfwmLyaerKe5pRaF5,94,92,600000
60,"1.35142445, 103.94585007073019",0.013648618175485405,0.16370234921842114,0.02813358021626791,0.010048509259314073,0.0011706289602201058,0.050614637361888384,0.026142526771430634,0.0,0.0,Jurong West,HDB 4 Room,https://www.srx.com.sg/listings/100649071/for-sale-jurong-west-street-42-jurong-west-street-42,60,108,390000
61,"1.3519689499999998, 103.93443682797769",0.012590684082652116,0.11932741121945334,0.0030785758909074134,0.0036402669522287738,0.0,0.027054177166136555,0.04270060280722507,0.00507994675399505,0.0,Hougang,HDB 4 Room,https://www.99.co/singapore/sale/property/927-hougang-street-91-hdb-kvBqJTaRN4yCQaVCMtvdHd,74,100,590000
62,"1.3523307500000001, 103.74440368917297",0.006266557943676438,0.2230906476565706,0.0033621384002447165,0.004399589812958624,0.0,0.012586306679097612,0.014987481916367005,0.01030994739782025,0.0,Woodlands,HDB 3 Room,https://www.99.co/singapore/sale/property/687a-woodlands-drive-75-hdb-6eboNheoYNy5chuLGzrk7r,79,113,568000
63,"1.3526771499999999, 103.74255019782768",0.005532226529083204,0.19242990464625342,0.002501152301909331,0.0034087676502745625,0.0,0.01407573370761838,0.011794614247602909,0.01677140093301086,0.0,Hougang,HDB 4 Room,https://www.99.co/singapore/sale/property/965-hougang-avenue-9-hdb-EnJK5WBPbbM2if5GY3zwtr,75,100,513000
64,"1.3527596499999999, 103.96027230046545",0.0029434231550507636,0.060146471697273954,0.0,0.0046456500042717334,0.0,0.02181430890425921,0.017524194262049285,0.0,0.0,Ang Mo Kio,HDB 5 Room,https://www.99.co/singapore/sale/property/552-ang-mo-kio-avenue-10-hdb-NX5GtYqFKppiEfWKc7SAJN,56,118,758000
65,"1.352862, 103.9485369",0.0067535013683761675,0.12333660070178981,0.013336855868440217,0.010495637196894836,0.0011743819158906137,0.04993386836275415,0.030301911948100606,0.0,0.0,Yishun,HDB 3 Bed,https://www.99.co/singapore/sale/property/676c-yishun-ring-road-hdb-5Dd7fYj3bEpSiZuvDDGEUA,94,92,565000
66,"1.35409055, 103.71726395084579",0.002063637262285972,0.06795611524481351,0.0,0.0,0.0,0.00910607550710485,0.007497912252638588,0.0,0.0,Ang Mo Kio,HDB 3 Room,https://www.99.co/singapore/sale/property/537-ang-mo-kio-avenue-5-hdb-Sd3tBfp3UYMyUwQDknjBN6,56,91,518000
67,"1.3541311999999999, 103.87025658648464",0.032501649799790436,0.18469779175373713,0.004347168853844795,0.00915132615159948,0.0,0.017515250572017946,0.01748334240848896,0.007472426860089853,0.0,Sumang Link,HDB 5 Room,https://www.99.co/singapore/sale/property/312b-sumang-link-hdb-Dz9Xbzpx2nAs6Q84Rtjpor,91,112,740000
68,"1.35445145, 103.75248998855022",0.005181119868417065,0.05928432014074382,0.003306577128300635,0.010324235571411725,0.004414827876675144,0.030806628696603222,0.034239050734166346,0.0,0.0,MARSILING LANE,HDB 3 Room,https://www.srx.com.sg/listings/100019081/for-sale-marsiling-lane-marsiling-lane,60,65,1399999
69,"1.3546399500000001, 103.72305645946975",0.0029744749499692096,0.06018382237724912,0.0,0.0,0.0,0.004699529911411358,0.02841480805905566,0.0,0.0,Compassvale,HDB 5 Room,https://www.srx.com.sg/listings/100294131/for-sale-compassvale-road-compassvale-road,77,110,390000
70,"1.3549035, 103.74003732983272",0.0021860302530937546,0.23505539479009036,0.0,0.0,0.0,0.006427319943139725,0.005510639958510519,0.008949396198735957,0.0,Sa,HDB 3 Bed,https://www.99.co/singapore/sale/property/4b-saint-georges-lane-hdb-XUBrzMk3drnqEmFUyigzw4,72,104,710000
71,"1.3551991, 103.8677965",0.005599009421391815,0.10040115173296432,0.0027412235164297736,0.00857969227539902,0.0,0.024837393507791242,0.01235207845222756,0.008196399505647713,0.0,Bukit Batok West,HDB 4 Room,https://www.99.co/singapore/sale/property/108-bukit-batok-west-avenue-6-hdb-78SWWeuTvJHazJmDScFSj4,61,103,545000
72,"1.35644755, 103.84281325907892",0.013944055674619064,0.03435352421260744,0.0021577969402119643,0.013871504019467785,0.002599989087713867,0.013284310624980422,0.057722267546903135,0.0,0.0,Hougang,HDB 4 Room,https://www.99.co/singapore/sale/property/467-hougang-avenue-8-hdb-4Z2bJdyx24656eNfb7T7Fh,68,107,599000
73,"1.3575382, 103.8714588",0.005107293771851365,0.11435954785579538,0.0025986785107510175,0.003493691791473758,0.0,0.017020383891589098,0.017861805133001497,0.004411313970978132,0.0,Shunfu Gardens,HDB 5 Room,https://www.srx.com.sg/listings/100340061/for-sale-shunfu-gardens-shunfu-road,60,121,500000
74,"1.3588163, 103.94524793057613",0.007581954077531738,0.13652354625983473,0.011940184361881505,0.005375434429865225,0.007279141736527705,0.02108853283681225,0.006841943130933226,0.0,0.0,Jurong West,HDB 5 Room,https://www.srx.com.sg/listings/100570251/for-sale-jurong-west-street-91-jurong-west-street-91,65,122,1068000
75,"1.3588399, 103.9543513",0.011023029648430788,0.10008512973380405,0.0,0.008059941811183004,0.0011160642637783953,0.02163320674020562,0.03420644185933314,0.0,0.0,Woodlands,HDB Executive,https://www.srx.com.sg/listings/99511321/for-sale-woodlands-street-32-woodlands-street-32,71,163,380000
76,"1.3593575, 103.93280765177364",0.011016025640736709,0.06106828347987498,0.0024812847224437128,0.0,0.0,0.011513043760641656,0.005777839627867364,0.0,0.0,Woodlands,HDB 3 Bed,https://www.99.co/singapore/sale/property/693b-woodlands-avenue-6-hdb-YtRc9d8YZ5fkngLfGKEcfw,94,91,610000
77,"1.3649558499999999, 103.8438180100004",0.011551059625251933,0.11376489447759465,0.009624794753751758,0.011619197789871404,0.008422126160518139,0.010953410127063605,0.0444644544351773,0.0,0.0,Jurong West,HDB Executive,https://www.99.co/singapore/sale/property/558-jurong-west-street-42-hdb-8sG9hNSAETEijno5AmyLLc,61,150,777000
78,"1.3683445, 103.84774419843228",0.008838814375849192,0.18756995118388142,0.028239385861633708,0.01600619846346832,0.005250634581699388,0.01904367278920035,0.04237430014400051,0.0,0.0,Upper Boon Keng,HDB 5 Room,https://www.99.co/singapore/sale/property/14-upper-boon-keng-road-hdb-SQdNwTp6tu7FXpFNwXDEeB,75,120,938000
79,"1.3692515, 103.8798375",0.004936642830306195,0.0,0.0028432159334932055,0.0,0.0018045899166771132,0.014642000564526157,0.024985641696175107,0.0,0.0,Ang Mo Kio,HDB Executive,https://www.99.co/singapore/sale/property/578-ang-mo-kio-avenue-10-hdb-Ytid5Gj7sy3sUf5sMEGbfp,56,148,1150000
80,"1.36948655, 103.8532999",0.002753566478721479,0.19158867443124097,0.011697783902823009,0.01310669162305406,0.002728815602594583,0.032202505720506695,0.026133643960772557,0.0,0.0,Sembawang Close,HDB 4 Room,https://www.99.co/singapore/sale/property/330-sembawang-close-hdb-5nfTtbEo5qj3Kth5SXfo6M,75,119,650000
81,"1.3695505, 103.8465557939056",0.013378655855340978,0.19608521670475573,0.029686235441481378,0.012854416489198793,0.004703699766965259,0.01705709854744855,0.04833880413785755,0.0,0.0,Jurong West,HDB 5 Room,https://www.srx.com.sg/listings/100549491/for-sale-jurong-west-street-24-5rm-premium-apartment-design-and-build,79,113,700000
82,"1.3699001499999999, 103.84620757209012",0.014669347531673331,0.21691476892009476,0.02988472950391081,0.011770502007244148,0.00448208903638222,0.01664277262225687,0.047504005703402144,0.0,0.0,Eunos Crescent,HDB 3 Room,https://www.srx.com.sg/listings/100581241/for-sale-eunos-crescent-eunos-crescent,83,60,998000
83,"1.3702811000000001, 103.89015150181818",0.011405220428864207,0.07997456531592143,0.004185051623260193,0.012536813096338922,0.0,0.024586023004528404,0.01421214655004572,0.0,0.0,Bukit Batok West,HDB 5 Room,https://www.srx.com.sg/listings/100301971/for-sale-bukit-batok-west-avenue-8-bukit-batok-west-avenue-8,95,112,528000
84,"1.37057235, 103.95811075",0.004234852794857519,0.11993662534716672,0.006630479525934638,0.0,0.001554846654692716,0.03279241004128741,0.02918179450126824,0.0,0.0,Jurong West,HDB 5 Room,https://www.99.co/singapore/sale/property/650a-jurong-west-street-61-hdb-UyFJzxGhGLBPs8y6RScb3Y,76,109,620000
85,"1.3715094, 103.8948586",0.02208054908885873,0.0,0.011916902712101773,0.009889311616064498,0.0013203571994633233,0.019197393623855988,0.01005055621277054,0.0,0.0,Corporation,HDB 4 Room,https://www.99.co/singapore/sale/property/140a-corporation-drive-hdb-NHstfNf4rYa4ncbE3jZ97y,95,92,598000
86,"1.37179045, 103.85496525927232",0.0022556118683124088,0.21671492048004193,0.007496194602908443,0.008470443761616039,0.0018613337232004945,0.03600080692449928,0.013599661948767494,0.0,0.0,Bishan,HDB 4 Room,https://www.99.co/singapore/sale/property/161-bishan-street-13-hdb-BPnGW8ioRZV5QTjRWTUQLT,64,103,690000
87,"1.3727738, 103.74597206306956",0.0022753824477756254,0.05996856997812716,0.0020294205712502855,0.0,0.0,0.00993163981086441,0.0,0.0,0.0,Choa Chu Kang,HDB Executive,https://www.99.co/singapore/sale/property/448-choa-chu-kang-avenue-4-hdb-VHJ2pbsr4svmQkbJHd5r4K,73,138,920000
88,"1.3732074, 103.8851536",0.01771982022309917,0.171048536267294,0.007670846970458356,0.0035625333840906236,0.0,0.03434174987943843,0.03661173082756482,0.0,0.0,Pasir Ris,HDB Executive,https://www.99.co/singapore/sale/property/269-pasir-ris-street-21-hdb-b5bZJBrL6paomFZhnURQi8,70,146,900000
89,"1.3733647, 103.88821347490706",0.013000272766927234,0.13105530899128426,0.008168148102092106,0.005509014140483121,0.0,0.04573738904505383,0.059865628983914,0.0,0.0,Bedok Reservoir,HDB Executive,https://www.99.co/singapore/sale/property/636-bedok-reservoir-road-hdb-EQy6RRpY4UeDkidRfFHguK,69,145,1199988
90,"1.3741543, 103.85380151282592",0.002434386207030499,0.21376604893278864,0.010338900133827626,0.004567290657377468,0.001824188512717239,0.04533645457240887,0.019525021129416852,0.004746776850504517,0.0,Jalan Batu,HDB 2 Room,https://www.srx.com.sg/listings/100482431/for-sale-jalan-batu-jalan-batu,46,48,418000
91,"1.3742817, 103.9013717",0.009404451058210741,0.0,0.002314357291092665,0.0,0.001792972689739651,0.004700013014027265,0.042297692442893914,0.0,0.0,Tampines,HDB 4 Room,https://www.srx.com.sg/listings/100413291/for-sale-tampines-street-12-tampines-street-12,60,92,500000
92,"1.3749575, 103.8777803",0.004849855467817956,0.09409327837885036,0.009611169363518078,0.0,0.0,0.026811495128025498,0.02175319914499621,0.0,0.0,Sumang Lane,HDB 5 Room,https://www.99.co/singapore/sale/property/234b-sumang-lane-hdb-UAR4aE97y8qnHNBs9F35hJ,94,112,699999
93,"1.3752136, 103.85305915791608",0.0024860933580408565,0.13360527820456483,0.01061338991269654,0.004328565693263895,0.0017010680964884596,0.0374176327565556,0.03496387918522934,0.010076883274560288,0.0,Bukit Batok West,HDB 5 Room,https://www.99.co/singapore/sale/property/452a-bukit-batok-west-avenue-6-hdb-Gfae4rMoKRhFhXevYpn6c8,95,114,810000
94,"1.375216, 103.94678994008518",0.006738985016771596,0.06995258531500367,0.006650105967666669,0.00819125024140776,0.0013367238109364206,0.03136136830079801,0.004287488387883196,0.004024281308759886,0.0,Upper Serangoon Crescent,HDB 5 Room,https://www.99.co/singapore/sale/property/475c-upper-serangoon-crescent-hdb-RQbLT2eyKc7KSPb3w4kakF,90,111,1000000
95,"1.3753185499999998, 103.89999311467625",0.009667971584881085,0.07820395851646961,0.002651440308757809,0.0,0.002720643385270173,0.010246807315589832,0.022666292470597448,0.0,0.0,Tampines,HDB 4 Room,https://www.99.co/singapore/sale/property/105-tampines-street-11-hdb-AdBqJjAdpo8J6XbwicJFm5,58,104,599000
96,"1.37545765, 103.84888911809797",0.0038994562329890945,0.11379106107909015,0.017787019989920307,0.004982816842978748,0.0018299604965907336,0.0138953419469397,0.0203669675174696,0.0152120711288555,0.0,Bukit Batok,HDB 4 Room,https://www.srx.com.sg/listings/100653341/for-sale-bukit-batok-street-21-6-mins-walk-to-mrt-and-mall-corner-4-room-for-sal,59,104,799000
97,"1.3757217499999999, 103.90037917796244",0.00996294613636536,0.07467240615012355,0.0024629374060131147,0.0,0.0027008573955731013,0.010154934677314589,0.025224481596404842,0.0,0.0,Ang Mo Kio,HDB 4 Room,https://www.srx.com.sg/listings/100647241/for-sale-ang-mo-kio-avenue-10-ang-mo-kio-avenue-10,56,93,799000
98,"1.37659075, 103.88084210330027",0.003416696408903617,0.11472339166424997,0.015543373618198979,0.0,0.0,0.04293193754345761,0.035698999509089606,0.0,0.0,Anchorvale Crescent,HDB 3 Room,https://www.99.co/singapore/sale/property/334a-anchorvale-crescent-hdb-daXLBcyzYQWHTN2Cdxn6gf,91,66,488000
99,"1.37665835, 103.88259103682658",0.004763463859689605,0.10669182303612801,0.010852810031608439,0.0,0.0,0.04307573373262143,0.051084138956274644,0.0,0.0,Upper Serangoon View,HDB 3 Room,https://www.srx.com.sg/listings/100460531/for-sale-upper-serangoon-view-upper-serangoon-view,92,68,500000
100,"1.377199, 103.747246",0.0022029523341802783,0.0737255666192084,0.004291186244272051,0.0031273666181356042,0.0,0.01680772903731638,0.004711054092214333,0.0,0.0,Tampines,HDB 4 Room,https://www.99.co/singapore/sale/property/843-tampines-street-83-hdb-cRPsS87wh5rfRVD73dtxvZ,64,83,508000
101,"1.3773423, 103.88039117797143",0.002995993906537653,0.10390696420318066,0.013942305556198603,0.0,0.0,0.046823585141039854,0.028810504154982222,0.0,0.0,Hougang,HDB 4 Room,https://www.99.co/singapore/sale/property/567-hougang-street-51-hdb-QPPYhJrXooon6kBF6ZUpg3,73,99,599000
102,"1.3784542, 103.75565597692308",0.002220069683406573,0.023218704587957398,0.018647283169839064,0.004245174902164712,0.0,0.015852505383722054,0.01727426684097795,0.00499014686751817,0.0,Bedok Reservoir,HDB Executive,https://www.99.co/singapore/sale/property/723-bedok-reservoir-road-hdb-6xtMMAN5mq4gDaEFjGfzav,60,137,860000
103,"1.3787140500000001, 103.88907218230408",0.013106215002950256,0.15786305446692253,0.015813817858546023,0.007608167814369033,0.001035520940239169,0.04002517436282684,0.0168807113458684,0.0,0.0,Whampoa,HDB 3 Room,https://www.99.co/singapore/sale/property/75-whampoa-drive-hdb-WMfSwuPFayx4iUK9VbKKyx,50,65,360000
104,"1.3799045, 103.8928979",0.014617707833469102,0.13640111412967307,0.006055518170391586,0.0079882388658214,0.0017023988111135248,0.040859247183658014,0.014877404577788689,0.0,0.0,Jurong West,HDB 5 Room,https://www.srx.com.sg/listings/100294931/for-sale-jurong-west-street-61-jurong-west-street-61,78,111,618000
105,"1.3824682, 103.74728416546698",0.007344405988343617,0.08061328557614693,0.009364399440599257,0.006569564907691968,0.0017868030227423625,0.031795811681082246,0.016723322980646136,0.00494318656549011,0.0,Jurong West,HDB 4 Room,https://www.99.co/singapore/sale/property/743-jurong-west-street-73-hdb-KQB5qSPFkPDaemHAfjUzSu,68,103,500000
106,"1.38326495, 103.89387087569563",0.027444719243989345,0.3160993520921146,0.006832313896300931,0.0324404996993148,0.00133145408582191,0.04105845345623355,0.01813817510293255,0.0,0.0,Canberra,HDB 4 Room,https://www.99.co/singapore/sale/property/128a-canberra-street-hdb-nk7wSKJDWqEH4FRtVe6PNE,94,92,658000
107,"1.3850562, 103.89449643063017",0.01874951554301866,0.1924423489516605,0.007174687858189848,0.015739995218714536,0.0011209115580285826,0.04357196408337428,0.02049421758897358,0.0,0.0,Punggol Walk,HDB 3 Room,https://www.99.co/singapore/sale/property/308c-punggol-walk-hdb-QVgfGTuhNa4qoySz3XhNhk,92,66,500000
108,"1.38561945, 103.89969830297898",0.016704104800670125,0.1667207821222605,0.013554213421198768,0.007502398245883491,0.0011010934382813707,0.03741834733065082,0.04134302043920375,0.0,0.0,Tampines,HDB Executive,https://www.99.co/singapore/sale/property/336-tampines-street-32-hdb-gQsHxrKkCu4vcbXorDoJcA,72,146,875000
109,"1.3866613, 103.75790273783377",0.0060144317697843385,0.020514634666588302,0.007511787161392475,0.0030757390747381203,0.0,0.02046916028903311,0.031831743489264784,0.008651963189410024,0.0,Potong Pasir,HDB 3 Room,https://www.99.co/singapore/sale/property/134-potong-pasir-avenue-3-hdb-UoAWVz2QxsW5LTWvNknT5A,60,73,480000
110,"1.3873601500000001, 103.76372463693082",0.004428106250027504,0.05557084347375746,0.014759233333776678,0.003125737041658907,0.0,0.025302010418252675,0.022927048104516286,0.0,0.0,Whampoa,HDB 4 Room,https://www.99.co/singapore/sale/property/100-whampoa-drive-hdb-NQG9gcqxA8xvnMh7W97E6t,50,89,490000
111,"1.3877782, 103.90065108726056",0.014077974148497574,0.15523615159072535,0.012206384053025631,0.0071864967670825656,0.0011214135911502808,0.04447871950172334,0.03288407253438353,0.0,0.0,Fengshan Greenville,HDB 4 Room,https://www.srx.com.sg/listings/99868881/for-sale-fengshan-greenville-bedok-north-street-4,94,93,599999
112,"1.3908889, 103.88995485669261",0.0032061913637482856,0.18629506067551888,0.00350896993449716,0.008424230167792243,0.00117424198864941,0.05444829550512941,0.025237112081766124,0.0,0.0,Lorong 1 Toa Payoh,HDB 3 Room,https://www.srx.com.sg/listings/100580101/for-sale-lorong-1-toa-payoh-lorong-1-toa-payoh,43,65,400000
113,"1.39176705, 103.8733387599992",0.021292371087656452,0.1678878849963807,0.009726212390210879,0.0,0.0,0.042395841530333954,0.007270945518620648,0.0,0.0,Ang Mo Kio,HDB 3 Room,https://www.99.co/singapore/sale/property/322-ang-mo-kio-avenue-3-hdb-NKg5zvNof6ejggaZKHn4b9,53,72,470000
114,"1.3925638, 103.88811000697577",0.002234257259908248,0.17694982268824755,0.002621477408423579,0.003743889682544829,0.00223281769562914,0.03982010142644453,0.009802372196617682,0.0,0.0,Jalan Memb,HDB 5 Room,https://www.99.co/singapore/sale/property/118c-jalan-membina-hdb-P8uW4ohrHibQSFt5uUHzd3,79,109,980000
115,"1.39304775, 103.89701429086631",0.00477106604942621,0.15984133985802731,0.010317214379355791,0.010727384381671243,0.005279664521003764,0.04909891995074703,0.027738871653962414,0.0,0.0,Bukit Batok East,HDB 3 Room,https://www.srx.com.sg/listings/100618421/for-sale-bukit-batok-east-avenue-5-bukit-batok-east-avenue-5,61,67,998000
116,"1.3932594, 103.8789947",0.0028357526244080374,0.0,0.004969791207523375,0.0,0.0010647467242928216,0.03361446170915192,0.013688589270504443,0.0,0.0,Tampines,HDB Executive,https://www.99.co/singapore/sale/property/124-tampines-street-11-hdb-ZVtnFpvB9C2YDmoSDwU3nc,62,147,888000
117,"1.393332, 103.909482",0.007952153117772988,0.19005442109890355,0.007951692602908459,0.005761333415595685,0.0,0.05069387254454287,0.012626096386339897,0.0,0.0,Fernvale Link,HDB 5 Room,https://www.99.co/singapore/sale/property/468c-fernvale-link-hdb-E8b9Hii7bUG7snQ7J63vqx,92,112,750000
118,"1.3973079, 103.9064918",0.010040740671609458,0.1289527830935046,0.007741556412465448,0.0030434198076578507,0.0,0.054395254880369066,0.0376902061282475,0.0,0.0,Senja,HDB 5 Room,https://www.99.co/singapore/sale/property/604-senja-road-hdb-MtKbyvruGcg9gZYJwy3F8F,75,119,809000
119,"1.4016256, 103.9155061",0.011661977096011949,0.10500576506200018,0.009323691132070407,0.0,0.0,0.03877851748661913,0.017613917910558663,0.0,0.0,Bedok North,HDB 3 Room,https://www.99.co/singapore/sale/property/126-bedok-north-street-2-hdb-cfisJGtktjzzCSywrxRrSh,54,66,365000
120,"1.4021345, 103.751172",0.002614336242702629,0.034164358654074606,0.005636323898576618,0.004493103510743618,0.0,0.0150224958185249,0.01050657799073554,0.0,0.0,Bedok South,HDB Executive,https://www.99.co/singapore/sale/property/10e-bedok-south-avenue-2-hdb-oFtP7mokXNK8t2SfYuzbB7,69,13,980000
121,"1.40395735, 103.90089649975198",0.0023417378545608947,0.22045057344286903,0.006640482626337701,0.014218468397226534,0.0011241974312696107,0.03805694061411599,0.022498100551208464,0.0,0.0,Bukit Batok West,HDB 4 Room,https://www.99.co/singapore/sale/property/450b-bukit-batok-west-avenue-6-hdb-PhRYGRqCsNy2GBqRJFjJMo,95,92,599999
122,"1.4072661499999999, 103.91061600625",0.009118614606985109,0.07443671045087245,0.005551981145116467,0.0031698717340926386,0.0012461607060881847,0.029375551821396156,0.014149311794184155,0.0,0.0,Punggol Vue,HDB 3 Room,https://www.srx.com.sg/listings/100277961/for-sale-punggol-vue-sumang-walk,94,68,448000
123,"1.4142698, 103.8388666",0.011054165124114643,0.11210193729363233,0.004110231949080674,0.004079690579604908,0.001177271907475055,0.020697765197419477,0.02839295698961161,0.0,0.0,Hougang,HDB 4 Room,https://www.99.co/singapore/sale/property/415-hougang-avenue-10-hdb-btbLw829zndnuQxkJg3f6w,61,91,538000
124,"1.41444155, 103.83611210000001",0.011453396279625924,0.15396989133358624,0.0029478209024194446,0.006344408007696847,0.0015957346793941882,0.021386426692536785,0.027646636755232577,0.0,0.0,Sengkang Central,HDB 4 Room,https://www.99.co/singapore/sale/property/271c-sengkang-central-hdb-A6WpLP3c4NEdL7zCj2GdgC,86,92,635000
125,"1.4157902, 103.8420419",0.014347077132950784,0.1241024059180743,0.0071378030156476376,0.0,0.0,0.016257441967123837,0.021221443054974087,0.0,0.0,Shunfu,HDB 2 Bed,https://www.99.co/singapore/sale/property/302-shunfu-road-hdb-NqPVvxvCmVaUzqzLdaqaAi,60,70,550000
126,"1.41604805, 103.84351805056198",0.013150231987572827,0.16851570416591255,0.0055599034847305506,0.0,0.0,0.013148248647410168,0.01852271864799762,0.0,0.0,Keat Hong Close,HDB 3 Room,https://www.99.co/singapore/sale/property/805c-keat-hong-close-hdb-bBdJWBe6K4V86pv4B4X4S6,93,10,610000
127,"1.4184114, 103.8451341",0.010454913674892787,0.15489916281547772,0.00434515014895347,0.0,0.0,0.01616450482278672,0.021861599928090815,0.0,0.0,Petir,HDB 5 Room,https://www.99.co/singapore/sale/property/213-petir-road-hdb-6VQoLP2MCN4Fxumejq9fpT,64,121,570000
128,"1.41940085, 103.8470071800628",0.009008470632535752,0.10124244122790509,0.0029287581727976456,0.0,0.0,0.014153519064381979,0.012380179262897714,0.0,0.0,Teban Gardens,HDB 3 Room,https://www.99.co/singapore/sale/property/54-teban-gardens-road-hdb-nG7faEBciXbg7YN2HWbmyC,62,63,359999
129,"1.4204197, 103.84555559355047",0.0100535591179005,0.08230888088218412,0.0035190243113835625,0.0,0.0,0.021599719344696962,0.0397033532743353,0.0,0.0,Woodlands,HDB 5 Room,https://www.srx.com.sg/listings/98015601/for-sale-woodlands-drive-75-woodlands-drive-75,80,110,358000
130,"1.4213263, 103.83630116339762",0.009574261968305547,0.1076114645596735,0.005387068792874252,0.008547640238372255,0.0012000863425086186,0.02483180607451395,0.03148405099401692,0.00545496418807023,0.0,Yishun,HDB 2 Bed,https://www.99.co/singapore/sale/property/432a-yishun-avenue-1-hdb-EST8J6nQjmVaPHbb9YdagP,91,111,650000
131,"1.4252259500000002, 103.85216530075189",0.0032558092523391558,0.017262752840906212,0.0,0.0,0.0,0.012801387812722657,0.004293606316580503,0.0,0.0,Bedok North,HDB 4 Room,https://www.99.co/singapore/sale/property/540-bedok-north-street-3-hdb-FHj6HzJpxiWDALYP2X4xgk,56,92,515000
132,"1.4292054, 103.7754625",0.004967019373185765,0.06832778601510611,0.002862846395189518,0.007450529059778647,0.0,0.018093341360430736,0.0,0.0,0.0,Hougang,HDB 3 Bed,https://www.99.co/singapore/sale/property/308-hougang-avenue-5-hdb-EhFTzV2CzrjqLh6DXRNMEE,59,92,550000
133,"1.429548, 103.842444",0.005520355530448133,0.07748237703189183,0.00728479625893875,0.0036383718260334435,0.0029675867730713052,0.026789720775419152,0.016318033824680975,0.0,0.0,Anchorvale,HDB Executive,https://www.99.co/singapore/sale/property/315c-anchorvale-road-hdb-jgPhzLUSb8tF3hG23wozMF,79,124,718888
134,"1.4308361, 103.77949063494181",0.005255360525512096,0.09825480186361436,0.010580805375462375,0.00478529796029528,0.0,0.039093407566993456,0.017151562227895236,0.0,0.0,Hougang,HDB 3 Room,https://www.srx.com.sg/listings/99669921/for-sale-hougang-avenue-6-hougang-avenue-6,62,74,380000
135,"1.4309351499999998, 103.79780531581255",0.00501749155463011,0.15594223210772795,0.007796455801412692,0.005064974890015303,0.0,0.023492541103137532,0.018727189090507943,0.0,0.0,Woodlands,HDB 5 Room,https://www.srx.com.sg/listings/100652101/for-sale-woodlands-drive-73-modern-designer-renovation,79,114,315555
136,"1.43215595, 103.77988113371447",0.005420346896555529,0.12015654196280558,0.01704252086857006,0.007965113505889129,0.0,0.027818759504270964,0.012305953234336605,0.0,0.0,Boon Lay,HDB 3 Room,https://www.99.co/singapore/sale/property/187-boon-lay-avenue-hdb-QAvxTAyvFCjiSxgHEiArQq,54,67,330000
137,"1.43360225, 103.77588597000698",0.00881195205622085,0.09765767927134414,0.0044431823878975756,0.013217928084331275,0.0012442189709562267,0.023637643301774314,0.023644557523487382,0.0,0.0,Yishun,HDB 4 Room,https://www.99.co/singapore/sale/property/879-yishun-street-81-hdb-KEDZDz36iNyhoaFGgsDKVk,63,83,488000
138,"1.43413875, 103.78390781924094",0.00770558953324592,0.11792843908239069,0.015951662288775995,0.006986818783460466,0.0,0.03513024403186766,0.013234638860540087,0.0,0.0,Woodlands,HDB 4 Room,https://www.99.co/singapore/sale/property/683a-woodlands-drive-62-hdb-KhF7RbKjU5CJUY2EUN9D6T,76,104,540000
139,"1.4358768, 103.776610275",0.004348498217841306,0.12276788096510455,0.00447609679974141,0.006522747326761958,0.0013067041514775845,0.01645543409477111,0.03618591202624327,0.0,0.0,Choa Chu Kang,HDB 5 Room,https://www.99.co/singapore/sale/property/812c-choa-chu-kang-avenue-7-hdb-9VorX7dbWjbw85toKM5zEh,93,112,698000
140,"1.436895, 103.7957923",0.02484238300704796,0.21755775860226853,0.0281157514411143,0.004229957325570674,0.0,0.03592852044618064,0.02292653373349473,0.0,0.0,Tampines,HDB 3 Room,https://www.srx.com.sg/listings/99962731/for-sale-tampines-street-41-tampines-street-41,61,60,608000
141,"1.439558, 103.8047322",0.00444503383239995,0.12309450560145777,0.00444503383239995,0.0068771584289640305,0.0,0.09892619205241994,0.01190825342129243,0.0,0.0,Jalan Kayu,HDB 4 Room,https://www.99.co/singapore/sale/property/446b-jalan-kayu-hdb-657VoqkdeRFCDGFzSpkfyr,89,92,600000
142,"1.4409042, 103.7940081",0.008013324827954981,0.08576754022960123,0.015809798507283347,0.0070696203347528795,0.0,0.04012342346040619,0.05366958873721387,0.0,0.0,Clementi,HDB 3 Room,https://www.99.co/singapore/sale/property/363-clementi-avenue-2-hdb-YdMA36QEQREDxAQemTQ7Jv,54,81,480000
143,"1.441645, 103.807752",0.0024692214016682748,0.08650378130189307,0.0024692214016682748,0.003929987736008341,0.0,0.015264502574409956,0.005573707279221851,0.0,0.0,Toa Payoh East,HDB 4 Room,https://www.99.co/singapore/sale/property/261-toa-payoh-east-hdb-EQcNGVyuPUaVUjivwqPbU5,94,91,1100000
144,"1.4422101999999999, 103.80575986345823",0.0032155155823542446,0.09239747256760272,0.005344151837805075,0.005342027074141805,0.0,0.02121744518751575,0.012106796890387558,0.0,0.0,Hougang,HDB 4 Room,https://www.srx.com.sg/listings/100631711/for-sale-hougang-avenue-3-hougang-avenue-3,61,93,315555
145,"1.44269, 103.807433",0.0024582047936548856,0.08918287238116883,0.0024582047936548856,0.003973667978893542,0.0,0.014494852539220478,0.006477442135348968,0.0,0.0,Tampines,HDB 5 Room,https://www.srx.com.sg/listings/99116251/for-sale-tampines-street-44-tampines-street-44,62,122,380000
146,"1.4458218, 103.8042146",0.0025899272967524426,0.08447204151145202,0.005535233087251674,0.004407280666330175,0.0,0.01357487706074769,0.027477303435310373,0.0,0.0,Jurong West,HDB 3 Room,https://www.srx.com.sg/listings/100067471/for-sale-jurong-west-street-92-jurong-west-street-92,64,73,830000
147,"1.4466914, 103.8180590179067",0.008609912329920345,0.08461901005124511,0.01051758714011699,0.008640350292390301,0.0,0.02848932380324333,0.025157840744529356,0.0,0.0,Punggol Walk,HDB 4 Room,https://www.99.co/singapore/sale/property/310b-punggol-walk-hdb-bPP8Be7g8bfPeSUWcfPnyW,92,91,678888
148,"1.4474597, 103.80404730873177",0.002159450026077757,0.06858065374617432,0.005075378233239858,0.003602703871240975,0.0,0.010937619391209347,0.01871960149412098,0.0,0.0,Bishan,HDB 3 Room,https://www.99.co/singapore/sale/property/116-bishan-street-12-hdb-Lmte5dDvCXbbb25NydR6Jn,61,63,490000
149,"1.45160665, 103.82794681536046",0.0020608665026819895,0.0608233357364944,0.0020296701024064756,0.00640618176982539,0.0,0.006472583142332606,0.0,0.0,0.0,Petir,HDB 3 Room,https://www.srx.com.sg/listings/100598141/for-sale-petir-road-petir-road,64,73,649999
150,"1.4521353000000001, 103.81443637682855",0.006962659697874005,0.06489045145429453,0.0028486013875709836,0.0042232524632745206,0.0,0.04212451224832237,0.027648277475553186,0.0,0.0,Bishan,HDB 4 Room,https://www.99.co/singapore/sale/property/272-bishan-street-24-hdb-gYBDx99tP4KVgXPVcLowJp,68,108,780000
151,"1.3031931, 103.91251466408788",0.0,0.06972815499785644,0.006756894841652391,0.0,0.003725923106925183,0.015915032346944098,0.010974172341518849,0.004543477979310354,0.0,Montreal Ville,HDB 4 Room,https://www.srx.com.sg/listings/100268361/for-sale-montreal-ville-montreal-link,91,93,738000
152,"1.33104865, 103.90437258648484",0.0,0.04518989420431247,0.0,0.004527135587344228,0.0,0.02034867552766944,0.008204077389798075,0.0,0.0,Compassvale Link,HDB 4 Room,https://www.99.co/singapore/sale/property/275c-compassvale-link-hdb-6JFsEeXkwwC3KkmKVjx8DX,85,90,670000
153,"1.3351798000000001, 103.77093141504011",0.0,0.024385814665970323,0.004163426862897213,0.003506194512230448,0.0,0.015449820316617822,0.0,0.008597331493499666,0.0,Yishun,HDB Executive,https://www.99.co/singapore/sale/property/326-yishun-ring-road-hdb-Q4GfhS7hHzgPwgobcMGSxT,64,145,928000
154,"1.3354601000000001, 103.77098870993761",0.0,0.025270421756623085,0.004290905315037509,0.003625325936760417,0.0,0.016392235219939554,0.0,0.00841274707404232,0.0,Senja,HDB 3 Bed,https://www.99.co/singapore/sale/property/635b-senja-road-hdb-is4PXCogoS4PtTRCEJJYWm,91,92,648000
155,"1.336865, 103.92931427809168",0.0,0.052797192988495355,0.0,0.005848329224075994,0.00362702419006841,0.023382322795818145,0.005053915175075224,0.004007407727668762,0.0,Choa Chu Kang Central,HDB 5 Room,https://www.99.co/singapore/sale/property/212-choa-chu-kang-central-hdb-LW52Tk6JLoThVpvwku6A55,65,121,650000
156,"1.3368778, 103.69660159483345",0.0,0.08395971439025865,0.0037067547169097447,0.021595160385940428,0.0,0.03092973355801004,0.015140882118582246,0.0,0.0,Lorong 3 Toa Payoh,HDB 3 Room,https://www.srx.com.sg/listings/100334301/for-sale-lorong-3-toa-payoh-lorong-3-toa-payoh,46,78,618000
157,"1.3398189, 103.84636184611658",0.0,0.2655225096286771,0.0021646854545623287,0.009416596312707519,0.0,0.027516480799932547,0.029312520193079405,0.0,0.0,Pasir Ris,HDB Executive,https://www.99.co/singapore/sale/property/448-pasir-ris-drive-6-hdb-hUZvRU4RLnBsg357ciUykh,65,145,950000
158,"1.34016475, 103.68917087346051",0.0,0.0777510539773722,0.0022114456324098327,0.0,0.0,0.03210559956307797,0.018798927703485475,0.0,0.0,Woodlands,HDB 2 Room,https://www.srx.com.sg/listings/100590251/for-sale-woodlands-drive-16-woodlands-drive-16,94,47,830000
159,"1.34062665, 103.844298306073",0.0,0.198329940608251,0.0,0.008883777509266808,0.0,0.025095625164775433,0.033999499775751285,0.0,0.0,Chai Chee,HDB 4 Room,https://www.srx.com.sg/listings/100518801/for-sale-chai-chee-road-chai-chee-road,69,104,358000
160,"1.3417329, 103.68684009337275",0.0,0.04402954887180224,0.0,0.0,0.0,0.031820256262290014,0.01061591800134982,0.0,0.004650109917130346,Jurong West,HDB 4 Room,https://www.srx.com.sg/listings/100579581/for-sale-jurong-west-street-91-jurong-west-street-91,65,105,1068000
161,"1.34439735, 103.69100848058531",0.0,0.10067393708014498,0.004953119618172611,0.0,0.0,0.026647647298642718,0.013076833335223905,0.0,0.0,Segar,HDB 3 Room,https://www.srx.com.sg/listings/100520251/for-sale-segar-road-segar-road,91,68,1068000
162,"1.3470632, 103.699834",0.0,0.09686627736050346,0.009592066814534807,0.0,0.0,0.07752289735432535,0.012973690990458015,0.0,0.0,Woodlands,HDB 4 Room,https://www.99.co/singapore/sale/property/853-woodlands-street-83-hdb-fpyf9Z2mCamNWiwDu7tFfW,69,103,520000
163,"1.3501474, 103.7043201646382",0.0,0.03713800807254368,0.002633821954495654,0.0,0.0,0.026428384131960758,0.017346787821844144,0.0,0.0,Jalan Membina,HDB 5 Room,https://www.srx.com.sg/listings/99406111/for-sale-jalan-membina-jalan-membina,85,110,700000
164,"1.35340035, 103.88627080646336",0.0,0.0698162037622315,0.002909666166235092,0.0040191417319969626,0.0,0.015415050293829299,0.017210985118493137,0.0,0.0,Simei,HDB Executive,https://www.99.co/singapore/sale/property/111-simei-street-1-hdb-ePow4oEhqUZmzR6LzpMEuW,63,145,950000
165,"1.355623, 103.73774618189812",0.0,0.1261024817349578,0.0,0.0,0.0,0.009439544643469869,0.0046124464627321626,0.006298865977218541,0.0,Simei,HDB 5 Room,https://www.srx.com.sg/listings/100653911/for-sale-simei-road-indulge-in-a-condo-style-living-with-industrial-ch,65,122,530000
166,"1.3557844000000001, 103.9626695157531",0.0,0.014605460624622119,0.0,0.0036155510013648057,0.0,0.011996060248993029,0.028138065062891352,0.0,0.0,Lengkong Tiga,HDB 4 Room,https://www.99.co/singapore/sale/property/113-lengkong-tiga-hdb-7KirkfA2P5wpwCJqhH3XMb,65,108,728000
167,"1.35703205, 103.7377502192457",0.0,0.10062954096709564,0.0,0.0,0.0,0.004337545259890227,0.0,0.005220678678403548,0.0,Woodlands Crescent,HDB 4 Room,https://www.srx.com.sg/listings/100418261/for-sale-woodlands-crescent-woodlands-crescent,73,91,830000
168,"1.35703435, 103.73840041765231",0.0,0.11923629499848849,0.0,0.0,0.0,0.004459361840447554,0.00803444897505578,0.005454362435562469,0.0,Yishun,HDB 5 Room,https://www.99.co/singapore/sale/property/512c-yishun-street-51-hdb-4dh2HxDS4MaF8Yeob6qCAS,93,112,750000
169,"1.3602797999999998, 103.89274851394939",0.0,0.04751216490386894,0.002376066699386362,0.0032555536144416976,0.0,0.016492225416661857,0.009510469644440356,0.0,0.0,Hougang,HDB 4 Room,https://www.srx.com.sg/listings/100492111/for-sale-hougang-street-91-hougang-street-91,74,101,500000
170,"1.3604806, 103.8884955",0.0,0.09830965469099738,0.005254802539303977,0.0066261941708686805,0.0,0.015475329339561611,0.008892026633154106,0.0,0.0,Toh Yi,HDB 4 Room,https://www.99.co/singapore/sale/property/11-toh-yi-drive-hdb-7wAoUUASawvd39kXE9V4Hz,65,107,938000
171,"1.3653214999999999, 103.96365230237183",0.0,0.07226395998341381,0.008584482130392635,0.0,0.0,0.020221343456684613,0.018345795451809185,0.0,0.0,Jalan Memb,HDB 5 Room,https://www.99.co/singapore/sale/property/25a-jalan-membina-hdb-hUMBPEwNd2q9r6iANQSE8x,84,109,1199000
172,"1.3653542500000002, 103.85414666381953",0.0,0.20065077853406235,0.002533112254242937,0.016407437181067196,0.002531075278486516,0.02065187867810011,0.01460660611270951,0.0,0.0,Jelapang,HDB Executive,https://www.99.co/singapore/sale/property/503-jelapang-road-hdb-FA3oJyZZL5imn9gHywcWjS,74,144,909000
173,"1.3698717500000002, 103.96166969180207",0.0,0.051981965629996976,0.0043195757247490455,0.0,0.0,0.028454294853289628,0.021690354378733782,0.0,0.0,Edgedale,HDB 2 Bed,https://www.99.co/singapore/sale/property/682c-edgedale-plains-hdb-PHGsJsPEcpiaDuDX2cRhpe,94,67,475000
174,"1.3710459, 103.96280108780056",0.0,0.041492369175480825,0.004072403241267247,0.0,0.0,0.044221215366223914,0.019796944275533544,0.0,0.0,Hougang Central,HDB 4 Room,https://www.srx.com.sg/listings/99074051/for-sale-hougang-central-4-room-for-sale,68,110,528000
175,"1.37227435, 103.85683279630615",0.0,0.19672202239205025,0.002007783284064919,0.00668666522305051,0.0013304514505441372,0.033754806608789906,0.01094468339052827,0.0,0.0,Yishun,HDB 4 Room,https://www.99.co/singapore/sale/property/512b-yishun-street-51-hdb-Y9Ws2JxEJJhV4fSJoQxGjQ,93,92,545000
176,"1.3726778, 103.74355264815564",0.0,0.038981833620325625,0.0025448147545171166,0.0,0.0,0.006553967489586697,0.0,0.0,0.0,Boon Lay,HDB 4 Bed,https://www.99.co/singapore/sale/property/218d-boon-lay-avenue-hdb-D4v4idDZqCr3df73eEvJSg,94,120,718888
177,"1.3734373999999998, 103.7739656",0.0,0.02802079913513183,0.0,0.0,0.003231737495590942,0.012812099033981646,0.0,0.0,0.0,Bedok North,HDB 5 Room,https://www.srx.com.sg/listings/100651561/for-sale-bedok-north-avenue-4-98-bedok-north-avenue-4,54,123,649999
178,"1.3741240499999998, 103.7755628186593",0.0,0.02751711811823903,0.0,0.0,0.004447773500593294,0.01036509131402915,0.0041896388376619405,0.0,0.0,Teck Whye Lane,HDB 5 Room,https://www.99.co/singapore/sale/property/14-teck-whye-lane-hdb-fHYRPy8Seqe4FUFqngjDH7,55,118,499999
179,"1.3778252000000002, 103.73499192323874",0.0,0.02459417732968995,0.00491883546593799,0.0,0.0,0.01826185393532278,0.0066411617918555495,0.0,0.0,Bukit Batok,HDB 4 Room,https://www.srx.com.sg/listings/99101921/for-sale-bukit-batok-street-52-bukit-batok-street-52,62,84,578000
180,"1.3799865, 103.73513104536396",0.0,0.021630838606247687,0.004326167721249537,0.0,0.0,0.03443460821319695,0.009404596657509387,0.0,0.0,Ang Mo Kio,HDB 4 Room,https://www.99.co/singapore/sale/property/310a-ang-mo-kio-avenue-1-hdb-FpHtEbCbDvhPCEkRXdtFiS,88,93,748865
181,"1.3809074, 103.8344013",0.0,0.012601740292340128,0.0,0.01245649609285259,0.0,0.016986270104448805,0.004818635795088045,0.0,0.0,Lorong 2 Toa Payoh,HDB 4 Room,https://www.99.co/singapore/sale/property/122-lorong-2-toa-payoh-hdb-TaadnSHzvZ5goqpijJD6og,75,100,838000
182,"1.3834958, 103.88199386705348",0.0,0.09401002921536779,0.0236801896639824,0.0,0.0,0.016490726488128632,0.010639901648561434,0.0,0.0,Clementi,HDB 3 Room,https://www.99.co/singapore/sale/property/306-clementi-avenue-4-hdb-3tz9xe7ZAWuKEJzSfEYUE4,55,66,360000
183,"1.38382505, 103.88011183737828",0.0,0.08563809484174296,0.015714756307429974,0.0,0.0,0.015231740484321637,0.01053174988635502,0.0,0.0,Bukit Batok West,HDB 5 Room,https://www.99.co/singapore/sale/property/440d-bukit-batok-west-avenue-8-hdb-gogGUnMij5yauuR4fZS488,95,111,695000
184,"1.3877245999999999, 103.77184051156976",0.0,0.08052521084059826,0.007347534954369916,0.0,0.0,0.02731003033241314,0.011698534863846932,0.0,0.0,Jelapang,HDB Executive,https://www.srx.com.sg/listings/100326671/for-sale-jelapang-road-jelapang-road,74,144,578000
185,"1.39685895, 103.88055960299619",0.0,0.11512349345663836,0.0024849294274888805,0.0,0.0018063709054767763,0.024134419877898487,0.00549586351443816,0.0,0.0,Bishan,HDB 5 Room,https://www.srx.com.sg/listings/100426421/for-sale-bishan-street-24-bishan-street-24,74,121,350000
186,"1.3984442000000001, 103.88962607213378",0.0,0.1690125279617314,0.0021582753793858702,0.0,0.0030094021956813322,0.020206440351625103,0.004002974990803312,0.0,0.0,Compassvale Lane,HDB 4 Room,https://www.99.co/singapore/sale/property/211d-compassvale-lane-hdb-HpaMa9FQ7ZoCnK6QLe2zYy,89,92,600000
187,"1.39957445, 103.88953728280413",0.0,0.1697245285482767,0.0,0.0,0.0029847044206818283,0.012529774095794585,0.0,0.0,0.0,Choa Chu Kang,HDB 5 Room,https://www.99.co/singapore/sale/property/807c-choa-chu-kang-avenue-1-hdb-EqRea7VJdK3PRzpLjW62rt,93,112,650000
188,"1.40162445, 103.89144666256863",0.0,0.13419596660571972,0.0,0.0,0.002336878506667953,0.010326577651642476,0.0,0.0,0.0,Woodlands,HDB Executive,https://www.99.co/singapore/sale/property/345-woodlands-street-32-hdb-ZsPLJwvmc3BWnwxukDnYW9,71,174,1020000
189,"1.40217465, 103.89198128732876",0.0,3549.810313402915,0.0,0.0,0.002200643707821209,0.014470986959421136,0.0,0.0,0.0,Edgefield,HDB 4 Room,https://www.99.co/singapore/sale/property/114-edgefield-plains-hdb-naoir3hTgrmMnbFw6FNr5X,79,130,750000
190,"1.4044862, 103.89569519226804",0.0,0.17894804434448583,0.002723333010491972,0.004024209848702442,0.0,0.02240818986892601,0.008585956113970748,0.0,0.0,Henderson,HDB 3 Bed,https://www.99.co/singapore/sale/property/95a-henderson-road-hdb-UwEhwtczUtjP6NNnkDNMo5,95,92,1100000
191,"1.4046918, 103.8117337",0.0,0.005506862879637815,0.0,0.0,0.0013215031781682364,0.0,0.0,0.0,0.0,Taman Ho Swee,HDB 3 Room,https://www.99.co/singapore/sale/property/12-taman-ho-swee-hdb-EPMJUfn2aLmizexERSLkbR,46,53,320000
192,"1.40820745, 103.89894851854501",0.0,2425.568492283926,0.005079242607191786,0.005887755334944884,0.0014369911528459558,0.05949368118249603,0.004140956750936551,0.0,0.0,Lorong 7 Toa Payoh,HDB 3 Room,https://www.99.co/singapore/sale/property/13-lorong-7-toa-payoh-hdb-6N7ikKed5pyiuZDmt9qGXB,46,65,348888
193,"1.40947825, 103.90057566673144",0.0,0.15899838332422372,0.005334258169031864,0.005766089229056775,0.002118477930850674,0.0368107164623971,0.0,0.0,0.0,Hougang,HDB 5 Room,https://www.99.co/singapore/sale/property/504-hougang-avenue-8-hdb-B4mB9Ng6o2B4QKmtKoSADu,63,120,600000
194,"1.4112124, 103.90083343066243",0.0,1467.0187958628578,0.0036496093557474916,0.0043182820865598,0.002452351781847275,0.03441005427524257,0.0,0.0,0.0,Bukit Batok East,HDB Executive,https://www.99.co/singapore/sale/property/221-bukit-batok-east-avenue-3-hdb-BGXnYvAhreejoetVVV8V8s,61,148,870000
195,"1.4124874, 103.90000943928571",0.0,0.10014711431290615,0.0028181473626879756,0.003503249602829378,0.0019139799803291303,0.045123407207228294,0.0,0.0,0.0,Fernvale Rivergrove,HDB 4 Room,https://www.srx.com.sg/listings/100126641/for-sale-fernvale-rivergrove-fernvale-street,92,93,448000
196,"1.43352875, 103.82702766018093",0.0,0.07150956077020013,0.0021183059629455887,0.0,0.0,0.016426978686294044,0.012707534065716538,0.0,0.0,Choa Chu Kang Crescent,HDB 4 Room,https://www.99.co/singapore/sale/property/692b-choa-chu-kang-crescent-hdb-HportMJ4M2wJtZmbuvNujz,79,89,518000
197,"1.44273395, 103.77804006124249",0.0,0.10898492283285688,0.0,0.0,0.0019166145312581651,0.0,0.013672662120589072,0.0046878162436095,0.0,Bukit Batok West,HDB 4 Room,https://www.srx.com.sg/listings/100185781/for-sale-bukit-batok-west-avenue-8-bukit-batok-west-avenue-8,95,92,1399999
198,"1.4457054500000002, 103.83331271790347",0.0,0.1354311834708774,0.004850137827657125,0.006063464695187686,0.0011165724829660228,0.0,0.004135502391308508,0.0,0.0,Jurong East,HDB 4 Room,https://www.99.co/singapore/sale/property/219-jurong-east-street-21-hdb-DvAHUhxxhSSosibXhQwgRV,61,90,508000
